Week,AAPL,ABT,ACN,ADBE,AMGN,AMZN,BAC,BMY,CMCSA,COST,CSCO,CVX,DIS,GE,GOOGL,HD,HON,IBM,INTC,JNJ,JPM,KO,LIN,MA,MCD,MDT,META,MMM,MRK,MSFT,NEE,NFLX,NKE,NVDA,ORCL,PEP,PFE,PG,QCOM,SBUX,T,TMUS,TSLA,TXN,UNH,UPS,V,VZ,WMT,XOM,Rf
1/4/2021,-0.01535303,-0.011320652,-0.031154887,-0.030288445,0.032646797,-0.010970331,0.034388335,0.058691335,-0.016841677,-0.015139092,0.012370594,0.058412613,-0.028838778,0.034605261,-0.024470975,0.00781202,-0.018813841,-0.000155235,0.135275082,0.001745918,0.046490689,-0.01461169,-0.025967851,-0.064356158,-0.016416626,-0.007834856,-0.085956794,-0.019502805,-0.022018421,-0.024142192,0.040862699,-0.015779499,-0.025181283,-0.010772527,-0.019569917,-0.004983308,-0.008364952,-0.021966274,0.033076336,-0.014803828,-0.020728832,-0.063818732,0.035488408,0.022448543,-0.03972283,0.028113121,-0.055890862,-0.0150242,0.002182209,0.118994561,1.54E-05
1/11/2021,0.061748025,0.03057988,0.014985857,0.018887474,0.042911454,0.057401015,-0.065313384,-0.027870421,-0.009076274,0.001241633,-0.000886207,-0.036443457,-0.012396847,-0.050600346,0.088525051,0.039912077,-0.016202474,0.02077992,0.054177273,0.006722488,-0.044910597,-0.005687735,-0.039781742,0.022971413,0.024124834,0.00118877,0.110853452,0.025599717,-0.012048118,0.056097939,0.014297936,0.157688863,0.002193937,0.050548274,-0.006331153,-0.015166516,-0.007346847,-0.035272355,0.024246474,0.027106425,0.00748553,0.045793488,-1.18E-05,0.019742362,0.012752179,-0.020615264,0.016248998,0.004032263,-0.014424864,-0.043728774,1.44E-05
1/18/2021,0.00160792,0.065870062,-0.033340972,-0.013452768,-0.016981915,-0.020976815,-0.045640543,-0.029448363,0.050274935,-0.015821169,0.005098749,-0.032496675,0.003503052,0.001806441,-0.016426464,-0.003583567,-0.01164548,-0.087884482,-0.102305414,0.045941053,-0.03500687,0.004085727,-0.014454801,-0.030379088,-0.031424428,-0.026630408,-0.028841671,0.074705658,-0.040157943,0.062052773,-0.014932455,-0.071123154,-0.048654821,-0.058878677,0.000163273,-0.003008401,-0.016995562,0.001040423,-0.055842177,-0.061483778,-0.001040327,-0.020168692,-0.011313777,-0.033523469,-0.047464818,-0.017676347,-0.03373306,-0.033176344,-0.007593821,-0.042610474,1.40E-05
1/25/2021,0.00218836,-0.005399131,0.01471873,0.050915865,-0.042502645,0.028842214,0.071899683,-0.011719249,-0.002907015,-0.003388681,0.042126081,-0.000224747,0.048580448,0.032461741,0.108153599,0.002769276,-0.011092572,0.007828156,0.048510736,-0.042385862,0.062562335,-0.002848273,-0.001442736,0.051036003,0.020356149,0.019430123,0.005622853,-0.034456525,-0.024255561,0.012890708,0.006548583,0.02517638,0.043868877,0.04698876,0.034792549,0.003520275,-0.016465198,-0.010202691,-0.048730549,0.055934548,0.00312489,0.022149255,0.017428149,0.016368003,-0.026112575,0.031728598,0.055645381,-0.004153696,-0.008487234,0.049283422,1.06E-05
2/1/2021,-0.016449826,0.059295043,0.02355652,0.014794209,-0.009189826,-0.020675453,0.011692457,-0.025503676,0.034596608,-0.008302916,0.006984036,0.033932822,0.059257653,0.000873654,0.017101436,-0.006312345,0.007926687,-0.000908801,0.038071143,0.025124944,0.007378059,0.026321185,0.015771695,0.005985586,0.015353227,0.014700873,0.01463467,0.000621017,-0.016966802,0.010247629,0.011445666,0.009834204,0.02069266,0.116105746,-0.010260326,-0.033719931,-0.013184392,-0.005424986,-0.016287204,0.021420438,-0.006922681,-0.047473254,-0.045094563,0.04829512,0.011387136,0.000677771,0.006738161,-0.009793462,0.010454142,0.031243469,5.77E-06
2/8/2021,-0.038674776,-0.011273966,-0.005174492,-0.016612299,-0.00332287,0.020262789,0.039841783,0.017169678,-0.012586821,0.013401374,-0.02606105,0.03238403,-0.041433172,0.014834042,0.008167522,0.021619806,0.006627768,0.011854146,0.015661053,-0.001926996,0.045379312,0.009343761,-0.012563681,-0.012862144,0.005413566,-0.02804916,-0.003698335,0.020530279,0.008964181,-0.002863202,-0.038355734,-0.016804562,0.010798382,-0.027654172,-0.010047971,0.002963499,0.003776014,0.009350827,-0.011335231,-0.008407293,0.018821769,-0.010932398,-0.029914076,-0.015121047,-0.01399109,-0.001539366,-0.004675601,0.043589912,-0.044160828,0.06146513,6.73E-06
2/15/2021,-0.067226957,-0.030539927,-0.014943944,-0.059811192,-0.021545601,-0.081445678,0.050892036,0.017698879,-0.006088483,-0.064496288,-0.017695405,0.092597597,0.043606487,0.097162497,-0.042672447,-0.098215763,0.006240177,0.014412346,-0.019639656,-0.017979807,0.038395559,-0.011817701,-0.011723128,0.0475982,-0.020795636,0.021578887,-0.054567854,-0.003400979,-0.010476117,-0.058544541,-0.082621231,-0.002772534,-0.065821465,-0.102603125,0.052037937,-0.039668916,-0.021412282,-0.022774509,-0.058231136,-0.010093304,-0.020526767,-0.017473985,-0.133556849,-0.033878983,0.001400486,-0.02843592,0.021017452,-0.008424089,-0.04147903,0.071895356,4.42E-06
2/22/2021,-0.007107936,-0.045813417,-0.026715991,-0.043775603,-0.024657183,-0.026034015,0.015864263,-0.044444389,0.032350787,-0.04450433,-0.021089625,0.021006424,-0.015446638,0.063479568,0.00891898,-0.016924575,-0.004647193,-0.019270109,-0.034271508,-0.053671335,-0.004101151,-0.004584464,-0.006396871,-0.01429933,-0.028964036,-0.022141058,0.011582728,-0.006321623,-0.032832955,-0.009869656,-0.032351458,-0.064770446,-0.02582252,-0.07043025,0.004747302,-0.008999901,0.011236096,-0.0349977,-0.057035227,0.013723669,0.010129053,-0.018860219,-0.089091473,-0.042690604,0.01502119,0.018725853,-0.010526487,-0.030088584,-0.033497674,0.052905316,6.35E-06
3/1/2021,0.015233307,0.013016117,0.07842115,0.027331117,0.041728623,0.045681616,0.025341764,0.017020558,0.054885978,0.030121682,0.095152666,0.064019302,0.046375643,-0.095799531,0.032749321,0.071414601,0.047107422,0.058529702,0.085376233,0.039655407,0.024973463,0.018822672,0.094123095,0.099799781,0.039209783,0.02455101,0.063033587,0.039070237,0.034086214,0.045869763,0.050076868,0.023020182,0.071471276,0.050383086,0.027434921,0.042332586,0.014912234,0.038968578,0.035742181,0.023167346,0.02143863,0.062220786,0.12577238,0.071669101,0.0577872,0.048855893,0.069267262,0.012956296,0.036070064,0.044285326,5.38E-06
3/8/2021,-0.011725112,0.005020442,0.001952139,-0.02633797,0.057317204,-0.027492372,0.045649542,0.032808769,-0.017929486,-0.017252169,0,-0.06358505,-0.022719236,0.080665732,-0.037704537,0.059826345,0.011858778,0.022966832,0.006633971,0.008357176,0.021578502,-0.006093031,0.001982476,-0.045215505,0.053552047,0.006181131,0.017306662,0.034837457,0.035374713,-0.027031682,-0.049826159,-0.03492905,0.014023736,-0.020518543,-0.009939115,-0.005179246,0.030538848,0.01410432,-0.015105395,0.002795246,0.01591059,-0.008572088,-0.066380772,-0.003372142,0.025347046,-0.042095299,-0.024275804,0.014411957,-0.016044516,-0.073397301,5.38E-06
3/15/2021,0.000497803,0.007958682,0.006444482,0.026891019,0.007487066,0.006033692,-0.03287105,0.007379891,0.007696663,0.072326361,0.035041002,0.009124226,-0.027927892,-0.030188552,0.005501389,0.049512772,-0.00530172,0.023143138,-0.026831961,0.009347632,-0.032350073,0.037235311,0.020455463,-0.023542372,0.00583231,-0.018934513,0.000430797,0.010995181,-0.006880514,0.007021535,0.032616491,-0.003823418,-0.101487868,-0.014718188,0.028318652,0.053572968,-0.002795762,0.037140656,-0.019036749,-0.002508921,0.002332538,-0.011448229,-0.019551112,0.023686565,0.028610561,0.019038587,-0.057509553,0.019001875,0.035070218,-0.011089654,5.77E-07
3/22/2021,0.019984942,-0.000924061,0.036223727,0.071731096,0.011857985,0.037665855,0.04859267,0.002229791,-0.027531115,0.024830882,0.029103015,0.006471913,0.011021226,0.03346275,0.047882739,0.035567489,0.013652495,0.001202484,0.040793505,0.005309576,0.007604091,0.009419396,0.027288073,0.013785267,0.004504662,0.018906562,0.071464648,-0.002071655,0.013408844,0.043083518,0.031586025,0.07270413,0.030239739,0.101832854,0.046335617,0.011816937,0.017661938,0.005993194,0.082573632,0.018910078,0.012965621,0.033770598,0.033354652,0.076026689,-0.010832891,0.049188467,0.042746644,0.016033482,0.012014266,0.02153794,2.88E-06
3/29/2021,0.059837477,0.00706235,0.021843615,0.03413746,-0.009190701,0.043751934,0.005317846,-0.008534894,-0.00767116,0.017693108,-0.001346493,-0.025815858,-0.00873144,0.012801523,0.056649135,0.021705827,0.014114401,0.014185933,0.038729713,0.000859829,0.009173339,0.011616683,0.00484256,0.039746584,0.022379311,0.020813828,0.048081176,0.015671945,-0.020754954,0.044976239,0.026263617,0.028104324,0.008676773,0.036581165,0.048322009,0.008918128,-0.009366672,0.022192708,0.018506662,0.033461417,-0.015425308,0.019271341,0.033320769,0.016349173,-0.005939026,0.010159089,0.01770732,-0.012007085,0.030157864,-0.024220311,1.54E-06
4/5/2021,0.031758293,0.034730475,0.002566607,0.046834995,0.033417118,0.02418393,-0.02418136,0.040865788,0.00106969,0.020984585,0.001930379,0.003883017,-0.007420595,0.00743497,0.015472444,0.026428977,0.04539244,-0.01879823,-0.030276267,-0.015831308,-0.013240281,0.003953478,0.020446434,0.024378803,0.004473341,0.043099893,-0.016612203,0.008992556,0.015498605,0.02467892,0.031121426,-0.009665055,-7.46E-05,0.127139137,0.044483577,-0.00161337,0.045606513,-0.00014545,-0.017813854,0.032024034,0.014243344,0.010452681,0.080506022,-0.01039952,0.068842516,0.038261235,0.025283333,0.012513562,0.00322079,0.017500138,9.62E-07
4/12/2021,-0.019033429,0.000108576,0.020719207,-0.030501656,-0.000313521,-0.020730448,-0.009809352,0.029174469,0.004802281,0.006670273,-0.002711152,-0.023883375,-0.017049296,-0.010332092,-0.014322282,-0.003966268,-0.002523356,0.065620716,-0.037680589,0.029864756,-0.031543486,0.020813832,0.002535094,-0.008098579,0.007264132,0.031784015,-0.036709695,0.017318203,0.016958056,-0.008978626,-0.023197731,-0.073631649,-0.033590285,-0.079753343,-0.043683607,0.026421062,0.027659066,-0.019017909,-0.035330889,-0.006343287,0.054117528,0.001977652,-0.025932217,-0.038152969,0.01674322,-0.011856977,0.005700827,-0.00727914,-0.003496016,-0.030010582,1.92E-06
4/19/2021,0.011671745,-0.020161896,0.00820217,0.017347115,-0.079749223,0.049038454,0.071689788,-0.051719102,0.036764677,0.006141221,-0.000776395,0.05894026,0.014062008,-0.014914294,0.062259208,0.012069956,-0.023379502,0.020951352,-0.068563154,-0.005932755,0.053063659,-0.003306334,0.002216868,0.014581703,0.00965807,0.012706946,0.111257145,-0.009208854,-0.054900001,-0.018120313,-0.014045104,0.000432409,0.031583989,0.031952198,0.01335663,-0.014582115,-0.001034807,-0.009449798,0.073023801,-0.011128342,-0.000637797,0.017308104,-0.059317188,0.000107359,0.012634112,0.147653514,0.040822457,0.000698506,-0.000286394,0.066401058,2.88E-06
4/26/2021,-0.028018866,-0.018345794,-0.004717336,-0.062934837,0.07068315,-0.047515255,0.021892203,0.024964288,0.010283731,0.026877589,0.019043681,0.019831454,-0.01910104,0,-0.023157323,0.037622184,0.021259344,0.028979755,-0.018702859,0.021559027,0.035440559,0.005160365,0.024400228,-0.034631754,-0.001488024,-0.031939389,-0.028800245,0.016880277,0.055646011,-0.011009326,-0.041569451,-0.018565839,0.001725824,-0.052317313,0.051007934,0.011254647,0.015285026,0.019847761,-0.046817894,0.00095962,0.034141416,0.036340895,-0.019881886,-0.008341092,0.033420759,0.054290162,-0.023389214,0.034368442,0.010169634,0.044282341,1.54E-06
5/3/2021,-0.036765899,-0.011280438,-0.020057527,-0.019540502,0.003064126,-0.043824468,-0.004046347,0.008997929,0.007195431,-0.008438754,0.000953699,-0.021463878,-0.018977877,-0.018168129,-0.04633885,-0.03602064,-0.021779108,-0.028635031,-0.04978744,0.013234875,0.005040787,-0.000550192,0.005229482,-0.041174226,-0.021672539,-0.024430438,-0.046122082,0.004940547,0.01169963,-0.026829147,-0.018646121,-0.025803192,0.000898855,-0.059061532,-0.020065313,0.005564785,0.033302718,0.019091385,-0.06536755,-0.037040222,-0.006170609,-0.00547251,-0.138424154,-0.023292367,-0.015447013,0.00414379,-0.03276844,-0.008095874,-0.016073171,-0.036555517,1.54E-06
5/10/2021,0.020454826,0.002980147,-0.004801657,0.036928483,-0.000555533,0.027268967,0.000716848,0.030135287,-0.040947829,0.010671202,0.006858164,-0.029246241,-0.039138771,0.006939368,0.034952301,-0.029254665,-0.002714288,0.009139151,0.035919273,0.006530898,-0.004148742,0.002568469,0.00060427,0.021332384,0.010488774,0.02021106,0.043733153,-0.008652589,0.012327039,0.014195725,0.02285538,0.030842908,-0.002544499,0.069318359,0.00742286,0.005875573,0.000498547,0.002032967,0.043505584,0.012338398,-0.07978883,-0.014190598,0.026395417,0.035253395,0.000195957,-0.008021556,0.013537384,-0.034347832,0.030237179,0.006697725,1.54E-06
5/17/2021,-0.015945385,-0.017911813,-0.013734655,0.013443946,-0.059403329,-0.005410074,0.016240826,-0.019253742,0.041787923,0.010219631,0.00132454,0.006864912,0.044817891,0.098774799,0.024157414,0.009084954,0.041146936,-0.000417237,0.03181402,-0.013210863,0.021886455,0.015370456,0.008888507,-0.015501587,0.011542799,-0.012233622,0.044380212,0.015301756,-0.046949928,0.013817323,-0.017364349,0.004365363,0.024686861,0.05991433,0.003302694,-0.004890203,-0.036639947,-0.021884347,0.007539256,0.018849406,0.002361713,0.037823239,0.07510482,0.020669227,0.009935214,-0.005328634,0.001854904,-0.008804403,-0.005125426,-0.004758531,5.77E-07
5/24/2021,-0.013888759,-0.056098124,-0.001500126,-0.010315453,0.001827437,-0.013343192,0.016451435,-0.013848815,-0.016568027,-0.009367801,0.007747653,0.044461358,-0.015638802,-0.01811868,-0.00639108,-0.023025955,-0.008950656,0.012028999,-0.025809682,-0.010272521,0.011073989,0.002703392,-0.008178502,-0.000497354,-0.010261168,-0.01662009,-0.020165186,0.002115855,0.020254557,-0.014439611,-0.00862988,-0.028638894,-0.01750174,0.095670877,0.026715584,0.00791768,0.008279333,0.00644553,-0.013918128,-0.021055613,-0.016156429,0.007147442,-0.091955311,-0.016549836,-0.011485248,0.000918706,0.005510062,0.012257906,-0.000635154,0.044740202,9.62E-07
5/31/2021,0.020802779,0.008699652,0.016414699,0.085939092,0.037753447,0.051032184,-0.032011918,0.039969234,0.003724113,-0.002240296,0.031876942,0.007621761,0.001872424,-0.032646984,0.037293695,-0.004827454,-0.012870794,0.034284153,0.020270151,0.006263474,-0.034723398,0.004852499,-0.023358644,0.006853982,0.01477987,0.013569401,0.019690681,-0.002651196,0.030171483,0.046925008,0.02112151,-0.004413305,-0.021805974,0.026827352,0.014921661,0.006828264,0.043879912,-0.000441471,0.023712918,0.009809397,-0.001710567,0.029440476,0.065079251,0.010752955,-0.015859283,-0.041418995,0.025601636,0.006318242,-0.012146836,0.025662071,2.88E-06
6/7/2021,0.045040216,0.013436122,0.00193495,0.029578662,-0.01585998,0.041673056,-0.045334457,-0.009200145,0.016254392,0.004543068,-0.034526416,-0.012360551,-0.010873974,-0.046221686,-0.000106754,-0.016833419,-0.044022141,-0.032815301,-0.00348551,-0.011132422,-0.053865502,-0.017170593,-0.010643083,0.008207612,-0.003026482,0.003767928,0.012182168,-0.039334734,0.014315743,0.01422781,0.014555745,0.022718426,-0.015727644,0.070962314,-0.057594003,0.006232684,-0.029498386,-0.013255889,0.008419168,-0.007307685,-0.015078762,-0.000409453,0.010620879,-0.00186172,-0.010311635,-0.025344326,-0.007693955,-0.014126501,-0.015441803,-0.012111452,3.85E-06
6/14/2021,0.01229204,0.000627342,0.023843846,0.048788496,0.000789138,-0.011509732,0.025879311,-0.013778865,-0.025382564,0.019025297,-0.006587879,0.000653648,0.018780478,0.01153832,0.006213899,0.02876772,0.006472764,-0.00109916,-0.019412321,-0.011197155,0.004942027,-0.00273274,-0.007345782,0.020310806,-0.002351607,-0.000958209,0.019821062,-0.009633762,-0.002766179,0.022192866,-0.022794228,0.03957138,0.036301696,0.029385627,0.002320678,-0.019189366,-0.007345469,-0.007239215,0.018987753,0.005386166,0.001739496,-0.005804014,0.102530002,0.005115821,0.003825245,0.040645958,0.017618082,-0.002830114,-0.005881519,0.040812953,5.38E-06
6/21/2021,0.028933591,0.048880762,0.028947942,0.011188688,0.024693976,-0.004670789,0.017389247,0.010782134,0.030146223,0.006274405,0.01250466,-0.008679972,-0.003765602,0.025094872,-0.000453019,0.031105538,0.013459444,0.009626105,-0.001070128,0.015853638,0.029965213,-0.007905775,0.020026026,-0.010780359,-0.004542954,0.013401488,0.032665099,0.030166589,0.021346237,0.018410606,0.017974841,0.029880671,0.182634926,0.052406795,0.023154506,0.017368049,0.009441228,0.016689191,0.02088175,0.012679879,0.011115462,-0.001785781,-0.002794916,0.011823341,0.018810476,0.019990383,-0.004614061,-0.001419386,0.017602816,-0.019528825,8.27E-06
6/28/2021,0.043491024,0.017924289,0.030500055,0.036290309,-0.010611549,0.086933455,-0.066442274,0.009354969,0.008311906,0.031987158,-0.003368206,-0.033989481,-0.025160715,-0.044525391,0.021230041,-0.009330142,-0.005892467,-0.041541845,-0.011069312,0.01879948,-0.039088354,0.003150323,-0.013237399,-0.001402685,0.002453936,0.010386104,-0.024662213,-0.004118843,0.001666935,0.02142861,0.012669979,-0.005210422,0.016645442,-0.01530048,0.076061861,0.011201183,-0.007836267,0.012865895,-0.017826688,0.022749268,-0.031948058,0.01045822,-0.037039748,-0.013623876,0.012497435,0.008800288,0.006208808,-0.01083686,0.001937962,-0.049320292,7.69E-06
7/5/2021,0.036581722,-0.021801235,0.018728601,0.000363018,0.009620074,-0.02685579,0.001289563,0.011096086,-0.00053153,0.011470086,0.014345861,-0.012670577,0.065682808,-0.008547079,0.015682384,0.013090896,0.06150832,-0.002060516,0.007582479,-0.004198984,0.035880855,0.042675025,0.01763106,0.055376275,0.017351017,-0.016321495,-0.003442877,0.021788304,-0.002816324,0.013012887,0.022494538,0.02296707,0.006599034,-0.04705387,0.00759452,0.035966849,0.021400915,0.015914771,0.022922945,0.025691937,0.033466215,0.010077838,-0.003385352,0.000106309,0.024636812,0.003725435,0.050462854,0.027034604,0.014829088,-0.019787157,8.27E-06
7/12/2021,-0.011314652,0.017488331,0.000657609,0.028886303,-0.007663297,0.001880959,-0.022405297,0.007860009,-0.002760933,0.013889623,0.016588598,-0.024481663,-0.048981754,-0.004702172,0.011153182,0.012240405,-0.000300442,0.001851091,0.002687633,0.009562184,-0.029139218,0.000531611,0.010854354,-0.020680177,0.00755652,0.013959896,0.019537965,-0.01737497,-0.017586636,0.018182812,-0.009112402,-0.05742706,0.012307216,0.03309831,0.055479306,-0.00038609,0.034422816,-0.0097732,0.006927548,0.030764063,-0.014773304,-0.024201376,-0.002059655,-0.02310651,-0.010189202,0.001737937,-0.017743015,-0.010609931,-0.002753087,-0.031212771,7.31E-06
7/19/2021,-0.007901692,0.024016965,0.013014741,-0.003174674,-0.009316083,-0.010475462,0.018967213,0.002795882,0.005537303,0.018536919,0.009718027,0.03794783,0.018386284,0.046456894,0.057280114,0.002357076,0.000601216,0.008670458,-0.040386039,0.012942424,0.01371478,0.010270833,0.014328603,0.017400996,0.02241589,0.028085845,0.020302455,-0.004520908,0.005226811,0.001258264,0.026800136,0.004845948,0.020222757,0.00347045,-0.033741268,0.010438757,0.031830167,0.01855796,0.060025355,-0.002038626,0.009996395,-0.000828863,0.043264681,0.03218983,-0.008874844,-0.100454779,0.015482784,0.000536096,0.006866441,0.031868272,8.27E-06
7/26/2021,0.009749849,0.009249296,0.006156743,0.016696163,-0.034933529,-0.062204174,0.008790072,0.003961746,0.003958066,0.044067034,0.012529291,-0.013064321,-0.009195345,-0.031038362,0.003491087,0.017346917,-0.012882033,0.005918268,0.003538375,0.008770362,0.00098055,-0.009640413,0.017966055,-0.043388747,-0.031145013,-0.02035495,0.012977172,-0.001867246,-0.017418386,0.010540963,0.029810342,0.020690354,0.041080508,0.049588193,0.02054095,-0.015943067,0.062587357,0.02165194,-0.027551584,-0.027373786,-0.01237182,-0.018668362,0.055038012,0.023216825,-0.002159897,-0.007246873,-0.031098564,-0.012147025,0.022848638,-0.02935681,7.69E-06
8/2/2021,0.012444003,0.004909608,0.004526935,0.003591252,-0.0249583,-0.021472199,0.080215452,-0.021484898,0.011827088,0.004896309,0.011298441,0.013928793,0.01460016,0.033973685,0.006917289,0.00273193,0.008961201,0.002101332,-3.87E-05,0.008693515,0.05641541,0.006017471,0.006003425,-0.02677829,0.001057577,-0.003905716,-0.000881657,0.018351992,0.005953053,0.001001823,0.031183972,-0.026996157,-0.018464512,-0.035470112,0.00424905,0.004925293,0.048379893,0.003157483,0.002179311,-0.027556137,0.00286315,0.019798516,0.010662832,-0.027386743,-0.012719113,0.01691008,-0.035052695,0.006148014,0.024537719,0.002622151,8.27E-06
8/9/2021,-0.013232708,0.023695219,0.020169972,0.005217936,-0.016480388,-0.035038632,-0.046500798,0.023300953,-0.001185886,0.019983872,0.015605579,-0.081352252,-0.033688374,-0.066654093,-0.011035485,-0.033291284,-0.014236491,-0.02419114,-0.020545486,0.019235155,-0.046418328,0.00035204,0.014706957,-0.012901658,0.002366135,0.011057085,-0.0207638,-0.03013451,0.031825495,0.024015657,0.018674942,0.064595122,-0.029594449,-0.005375749,-0.012248319,0.024762862,0.033023252,0.014270926,-0.044444295,-0.008520719,-0.017487214,-0.026599602,-0.067538918,-0.015063634,0.054019934,0.002169194,0.000412898,-0.004852556,0.01074995,-0.066641306,8.27E-06
8/16/2021,0.00572623,-0.001988743,0.015171277,0.023100151,-0.005391618,0.040232178,0.046031303,-0.02218657,0.000678685,-0.010896812,0.03369995,0.044975242,0.019105323,0.039831163,0.042456723,-0.004397649,0.01383218,0.005506655,0.013158058,-0.029512027,0.048418497,-0.023215108,0.000482136,-0.012454153,-0.001180487,0.034437256,0.026075642,-0.000204804,-0.024088797,0.009746869,-0.0087522,0.011789323,0.008031972,0.114658433,0.000112991,-0.026933584,-0.02909873,-0.017725327,0.012587808,0,-0.018525356,-0.023493065,0.041115397,0.015834559,-0.025800798,-0.008760314,-0.004534296,-0.013906432,-0.018386561,0.037549818,8.27E-06
8/23/2021,0.041412275,0.024069649,0.023317325,0.018777111,0.020273794,0.044366723,-0.024262609,-0.012986902,0.046609909,0.025950905,0.005574407,0.00504035,0.030018007,0.027858494,0.013054815,0.019472616,0.000389859,0.008862871,0.011293024,0.015403886,-0.007975247,0.022146261,0.01365145,-0.032817243,0.012323593,0.010197322,0.029913756,0.005415304,0.007182768,0.006887495,0.036578929,0.069857473,-0.019470381,0.014862689,0.012173116,0.015003578,-0.011397172,0.010742784,0.019244267,0.026679466,0.022946249,-0.010539528,0.044540491,0.007660999,0.016456615,0.035751703,-0.027503067,0.012637276,0.008211864,0.006762885,8.27E-06
8/30/2021,0.002733253,-0.003969414,0.000293391,-0.004453572,-0.045937435,0.006075369,0.002918868,-0.038415017,-0.035465539,0.010781665,-0.015622329,-0.017500933,0.022269999,-0.02795061,0.001772653,0.017442905,-0.034809709,-0.016212924,-0.006141765,-0.039215773,-0.007914829,-0.016029441,-0.005737028,0.029682332,0.000200514,-0.009648882,0.007247933,-0.046898417,-0.042790395,-0.012950289,-0.007400845,0.015274812,-0.000369557,-0.009603546,-0.002895262,-0.000971919,-0.017292949,0.000277904,-0.019849646,0.012098549,-0.007959925,-0.034452339,0.030680335,-0.004962767,-0.02161868,-0.046319085,0.014764894,-0.015373721,-0.014405029,-0.017973954,7.69E-06
9/6/2021,-0.034269799,-0.004219317,0.003312919,0.005183764,0.00825675,0.001171071,-0.011726889,-0.036961338,-0.038280486,-0.005644659,-0.021672416,0.013750114,-0.013823913,-0.018878726,0.000480591,0.013925476,-0.014713112,-0.00951082,0.02677899,-0.016957336,-0.006909809,-0.009130049,0.001215122,-0.01451304,0.019278223,-0.018811438,-0.013068692,-0.016635149,-0.025060802,0.026812392,-0.021435197,-0.018475714,-0.035141218,0.002930829,-0.025575285,-0.00109158,-0.033890724,0.000833243,-0.022460789,-0.034683244,0.006564709,-0.019248463,0.002821742,0.044303943,0.005524271,0.020951221,-0.01389074,-0.000183503,-0.009493241,0.031983821,7.31E-06
9/13/2021,-0.013172823,-0.016792084,0.002249758,-0.05152525,-0.01062756,-0.020709581,0.030655087,-0.009799184,-0.019378805,-0.022727639,-0.011163484,0.028154573,-0.038671304,0.015985768,-0.016670097,-0.001427118,0.000227608,0.002199012,-0.014590588,-0.002178949,0.019545694,-0.016299027,-0.008655755,0.022407781,0.006455333,-0.002138635,-0.072642469,-0.006186325,0.024102639,-0.018544194,-0.032499853,0.011526018,0.012563382,0.010790528,0.024871027,-0.009192613,-0.006296371,0.00055519,-0.032442468,-0.004621853,-0.014855139,0.015747343,-0.00442543,0.009399353,-0.017699423,-0.032025845,0.0177417,-0.00018372,-0.015583062,0.022572562,5.77E-06
9/20/2021,-0.036300665,-0.057222781,-0.067288779,-0.087375648,-0.011160272,-0.03833726,0.018229894,-0.024080596,-0.004272676,-0.00757549,-0.039866034,0.013891652,-0.04017016,0.000679805,-0.053393314,-0.022774058,-0.033773441,0.016090013,-0.013881178,-0.020381092,0.015572662,-0.029052616,-0.05474129,-0.018047438,-0.01499292,-0.035780769,-0.018990659,-0.03365817,0.028199792,-0.058886161,-0.033837909,0.028790104,-0.089923672,-0.078551985,-0.02560943,-0.024135479,-0.026702928,-0.030446004,-0.036815907,-0.033555236,-0.006619997,-0.02428578,0.028979409,-0.03251603,-0.042374303,-0.025108268,-0.024352776,-0.007533798,-0.023744438,0.030483402,4.81E-06
9/27/2021,0.012650101,-0.001862361,0.019786544,0.005627825,-0.016599996,0.005293737,0.039340237,0.005423042,0.026282846,0.007833739,0.010839684,0.041695338,0.050481741,0.024867105,0.041510901,0.028087801,0.028688598,0.020729822,0.016891924,-0.000990528,0.039098444,0.026872667,0.019701447,0.017918855,0.029903221,0.011806971,-0.029965549,0.013567354,0.090933207,0.045863887,0.030565394,0.035242566,0.045582952,0.017329791,0.059451359,0.039758172,-0.006277805,0.018026137,-0.008838427,0.017224194,0.002961794,-0.035848459,0.023379073,0.016127937,0.035726943,-0.002745633,0.035016772,-0.002036723,-0.001004494,0.031281946,5.38E-06
10/4/2021,0.003280271,-0.002883608,0.039203022,0.049312537,-0.011189739,-0.000778272,0.021532092,-0.022199527,-0.055247936,-0.004880287,0.018283172,0.029617711,-0.018569617,-0.0262535,0.01383353,0.019467436,0.001007556,0.011141885,-0.005167944,-0.007623556,-0.033129425,0.013548633,0.032123328,-0.025132568,-0.015181886,-0.016005702,-0.002095827,0.014173208,-0.044056609,0.026793502,0.006673406,0.003086195,0.034836924,0.031838427,0.032174231,0.018351278,-0.025035098,0.012155822,0.006414337,-0.003030005,-0.029805326,-0.031823307,0.031136188,-0.014438466,0.038695397,0.054074877,-0.023292106,-0.02529497,0.004524552,0.022090351,7.69E-06
10/11/2021,0.039788245,0.067728674,0.026871715,0.051274815,0.010687796,0.040956328,0.039050449,0.001906273,0.00074093,0.058958002,0.000718844,0.026927682,-0.017602162,0.003990824,0.005207298,0.059788142,0.027128421,-0.105028392,0.038961008,0.020548063,0.036887505,-0.004761118,0.008226286,0.033751352,-0.012880997,-0.025240396,0.040635413,0.009982147,0.036256773,0.026457389,0.028848575,0.030545891,0.032073269,0.043502391,0.014221288,-0.000502343,0.028557909,-0.032766546,0.034121088,0.022972891,0.005464964,-0.020208022,0.092482108,0.045716679,0.052145924,0.04189716,0.022470844,0.028312888,0.049617498,0.011129003,7.69E-06
10/18/2021,0.020671938,0.021271231,0.026503564,0.000970871,-0.008708589,0.003365364,0.020286144,-0.011762589,-0.039422576,0.027869218,0.009876199,0.01235016,-0.009688438,0.020455638,0.02793075,0.019060915,-0.026901925,-0.019403089,-0.141428628,-0.003365787,0.005074004,0.031094723,0.02136145,-0.065073823,0.01698446,-0.003123756,-0.073007892,-0.012354478,0.06628089,0.043731462,0.031141829,0.031982999,0.014058602,0.099109779,-0.000726741,0.015328575,0.007466001,0.030391797,0.004810165,-0.010835369,-0.008152672,-0.006931964,0.204742739,-0.066670114,0.029754788,0.072503121,-0.088603025,-0.011050854,0.011170929,0.025841322,9.62E-06
10/25/2021,-0.010552693,0.010805724,0.029412019,0.054436219,0.037457016,0.008829065,-0.009418089,0.037108388,0.015992161,0.052849242,0.01564729,0.003447556,0.003536084,-0.000474782,0.016582312,0.001641404,0.018354102,0.004522431,0.046381123,0.01074616,-0.012151111,0.009992872,0.042583725,0.007206402,0.032423629,-0.004782775,0.05973109,0.00411401,0.04610042,0.037274482,-0.019208599,-0.008382113,0.066764009,0.19485983,-0.006235362,0.016644177,0.015516268,0.018503196,0.167701294,-0.009187131,-0.029354192,0.056963225,0.141935299,0.017246057,0.002898318,-0.01486686,-0.005051497,-0.017992327,0.019063685,0.001555006,9.23E-06
11/1/2021,-0.020468857,-0.014253378,-0.001608726,-0.045855141,-0.015679382,-0.001294254,0.003380567,-0.001012812,0.017637106,-0.006671362,-0.006302799,0.005726606,-0.047979845,0.017013426,-0.016868284,-0.012224963,-0.006652031,-0.004799337,0.011357426,-0.009356162,-0.004040674,0.002473596,0.01254913,0.056375266,-0.01301989,-0.009196962,-0.024147753,-0.002214234,-0.072012269,-0.011918877,0.007196741,-0.016187922,-0.048278987,0.019764502,-0.016626529,-0.009859515,0.154400987,0.007431668,0.053231835,-0.006419509,0.004838878,-0.034080753,-0.135294472,-0.007055541,0.001379328,0.012196371,0.007855073,0.011571858,-0.018376606,-0.001552592,6.73E-06
11/8/2021,0.069185103,0.003064674,0.01247914,0.043207923,-0.035639933,0.064380094,-0.024636719,-0.002533951,-0.016399491,0.033562339,-0.055144291,0.002539955,-0.040281214,-0.059159023,0.027935131,0.103963171,0.002912992,-0.017072036,-0.016821667,-0.004047639,-0.027205802,-0.023440415,-0.013883233,-0.017271572,0.013271485,-0.015972557,0.033410708,-0.007990968,-0.011545217,0.026592192,0.026121861,0.037166583,0.026232504,0.042283668,0.006593093,0.004486829,0.02451174,0.004918089,0.133195224,0.017469673,-0.021268096,-0.012577115,0.030907087,0.025821774,-0.017315769,-0.027286778,-0.031993422,-0.023069634,-0.035959566,0.002408343,7.69E-06
11/15/2021,0.025780594,-0.020134847,-0.022681777,-0.003934682,0.008148559,-0.031290084,0.028281308,-0.037771203,-0.017051795,0.038460706,0.035614347,0.035775151,-0.027252934,0.015496167,-0.024816686,0.015424305,-0.038468583,0.000599964,0.001610192,-0.013300291,0.02398042,0.000360982,-0.011329139,-0.02360563,0.01432054,-0.027449709,0.006997518,0.001709025,-0.009271278,-0.008034061,-0.004452351,-0.034793761,0.003968648,0.031538997,-0.011409261,0.001958434,-0.010114719,0.010467367,-0.030109338,0.009477434,0.003280125,-0.021371244,0.017895279,0.000671924,0.001535188,0.004819955,-0.000393348,0.008196406,0.023610049,-0.00204376,8.65E-06
11/22/2021,0.011238556,0.026465358,0.008085661,0.005326786,-0.013727512,-0.039953506,-0.057526713,-0.024643567,-0.007324772,-0.044057971,0.010983119,-0.017492989,-0.027355612,-0.068472982,-0.021584928,-0.010531132,-0.038688107,0.001456226,-0.005224938,-0.01323682,-0.034439397,-0.042576168,-0.009931242,-0.058235403,-0.032320697,-0.06256562,-0.089925437,-0.041490344,-0.101968964,-0.024917957,0.020668826,-0.063528245,-0.011800441,-0.016771676,-0.038363156,-0.019054724,0.042248079,-0.009417276,-0.020364182,-0.02237434,-0.058030038,-0.035988755,-0.028136223,-0.000103406,-0.009196573,-0.036371511,-0.024403603,-0.018002106,-0.075542595,-0.034656586,9.62E-06
11/29/2021,0.065950453,0.032326005,0.016835628,-0.058507468,0.056668277,0.013399871,-0.004140409,0.038440744,-0.071650543,-0.002245243,0.024933137,0.026055317,0.038994637,0.027302108,0.03268255,0.012926774,0.009803886,0.057057193,0.019797883,0.056082577,-0.004652423,0.041745383,0.028486698,0.075952786,0.060266836,0.051547617,0.062598629,0.033360805,-0.013939782,0.010956326,0.014556489,-0.008873053,-0.011176462,-0.050808259,-0.013556831,0.042422029,-0.018099677,0.041151671,0.033435072,0.035271839,-0.00477241,0.0328922,-0.074497473,-0.000929773,0.061207914,0.033216704,0.06606504,-0.011235836,0.02236661,0.02170363,8.27E-06
12/6/2021,-0.013176006,0.026861512,0.078475957,-0.105095056,0.047090514,-0.030429882,0.011463305,0.08046566,0.021543761,0.053973385,0.047958309,-0.012696801,-0.027396446,-0.054175474,-0.021630577,-0.02871088,0.017524386,0.019098662,0.00693365,0.042857033,-0.000311372,0.069084876,0.023756464,0.024381632,0.012236049,-0.093963453,0.015402197,0.01347005,0.041861477,-0.024617251,0.025803372,-0.032635029,-0.030264969,-0.068973416,0.16278007,0.033130759,0.176075222,0.050808912,-0.022550263,-0.015257721,0.033565805,0.05781222,-0.076588996,-0.026680376,0.044678919,0.006923557,0.014096971,0.051634697,0.039112868,-0.019805085,1.02E-05
12/13/2021,0.023336668,0.022558518,0.006765015,0.006235701,0.005436235,0.013012859,-0.01288897,-0.001929978,0.024365294,-0.004089517,0.032664618,-0.001972013,0.032806876,0.015886787,0.017110347,-0.006157234,-0.020943824,0.037322415,0.009443137,-0.027512672,-0.019637542,-0.007331473,-0.002470402,0.021704434,0.00150644,0.006750757,0.001015241,-0.018731137,0.007093031,0.030132513,-0.016588779,0.038963945,0.018129341,0.044139835,-0.130788467,-0.011872681,-0.041469326,-0.006269125,0.025764778,-0.010740584,0.048924547,-0.005556344,0.151124141,-0.004462424,0.005112953,0.020291306,0.010495894,-0.00132701,-0.026859209,-0.005703191,6.73E-06
12/20/2021,0.010891785,0.013222498,0.026084206,0.001597616,0.011975592,-0.014169739,0.002476393,0.007574417,0.011193202,0.024601684,0.021515784,0.00876237,0.014970914,0.008328846,-0.00487348,0.03241245,0.009209675,0.025108892,0.008380289,0.024130755,0.007758086,0.009618653,0.015213474,0.001137155,0.00473777,0.0217248,0.02720447,0.015259466,0.018618962,0.013833469,0.022822438,-0.003256851,0.010985832,-0.001821773,-0.019059426,0.017021968,-0.005280079,0.016677036,-5.48E-05,0.034439816,-0.003618975,-0.028354657,0.003130297,0.010725894,0.018268965,0.008058959,0.005770663,-0.008162384,0.026381759,-0.003769194,1.12E-05
12/27/2021,-0.034792488,-0.041560408,-0.08658157,-0.098873033,-0.00574049,-0.031963704,0.080844503,-0.016634611,-0.001581365,-0.025021928,-0.042439539,0.04964648,0.006220686,0.055438111,-0.057817947,-0.010196533,0.017913197,0.010678938,0.043873254,-0.003946503,0.044422113,0.02875119,-0.018354353,0.024959228,0.009281008,0.004786191,-0.034556943,0.002026855,0.021908207,-0.074973289,-0.07545553,-0.09606438,-0.038509803,-0.047590118,-0.018975035,0.006891694,-0.060958981,0.000368614,0.017621824,-0.043874737,0.053672611,-0.008068086,-0.005269367,-0.013990992,-0.06894918,0.012809711,0.008628806,0.02889929,0.002444913,0.123869087,4.81E-06
1/3/2022,0.001104923,-0.040624635,-0.043994835,0.005407355,0.025225576,-0.012495824,0.013089431,0.059956238,0.020271521,-0.059876052,0.015469422,0.028719792,-0.009305329,0.025112718,0.006094528,-0.046283701,0.040840388,-0.004285643,0.017219136,-0.016721917,0.022464813,0.007110884,-0.013608942,1.30E-05,-0.03070197,0.036296068,-0.017986939,0.016966138,0.031586976,-0.028928241,-0.01014324,-0.0616132,-0.071100417,-0.05688825,0.02057135,0.001840399,0.012764296,-0.027881785,-0.011078349,-0.078639439,0.026426612,-0.047157468,-0.031126124,-0.013975224,-0.004726738,-0.028480356,-0.021615367,-0.004464128,0.013587059,0.033811485,1.73E-05
1/10/2022,-0.044602066,-0.034709741,-0.049233451,-0.011704426,-0.008447138,-0.059216374,-0.061730903,-0.000309574,-0.02067108,-0.065895345,-0.055609764,0.013012556,-0.050308706,-0.041089278,-0.038095174,-0.096645904,-0.047896522,-0.029237041,-0.052784908,-0.020798839,-0.122272973,-0.002463131,-0.035181937,-0.014937969,-0.031674374,-0.024544886,-0.0303849,-0.041155698,-0.007009318,-0.010498551,-0.016372091,-0.021090162,-0.045858837,-0.091251239,-0.057751699,-0.001377838,-0.026827561,0.023437909,-0.094567416,-0.065234375,0.035513789,-0.055030935,-0.034210331,-0.058104776,-0.009477281,-0.038865549,-0.003023285,0.009778932,-0.02921586,0.037377613,2.12E-05
1/17/2022,-0.032156175,-0.034239349,-0.027225732,-0.034843923,-0.021406604,-0.07931824,-0.006120143,-0.01114887,-0.044006049,-0.000621399,-0.059572863,0.053873108,-0.082644645,-0.084987225,-0.032274865,0.019595166,-0.03958468,0.012995054,-0.076671816,0.032314622,-0.015915109,-0.018106836,-0.032112725,-0.037005501,-0.017342794,-0.027612937,-0.069244119,-0.019646118,-0.002105221,-0.005835691,-0.131720821,-0.239153936,0.01338193,-0.09134579,-0.035541363,-0.026273533,-0.012580736,-0.012412206,-0.031832092,-0.004178941,-0.107327761,0.018931471,-0.167795863,0.007840849,-0.003023916,-0.036877805,-0.038255206,-0.041385646,-0.038096377,0.025249376,3.23E-05
1/24/2022,0.085919182,0.080289103,0.036566884,0.03606125,0.000178469,-0.005671773,0.021112693,0.003288366,0.033951277,0.081343815,0.010618794,-0.008642926,0.034042244,0.09365965,0.109181604,0.023510913,-0.044405651,0.039692116,0.004786609,0.01272085,0.023329497,0.032858299,0.001444968,0.112800436,0.04784116,-0.009788779,-0.193049354,-0.033909372,-0.019483641,0.00470232,0.044959269,0.04887508,0.004632418,0.091323176,0.02707456,0.035425702,0.007791797,0.031483719,0.111042533,0.006504388,0.018241877,0.139111444,0.0748281,0.004461988,0.058860382,0.173792535,0.123162731,0.050791137,0.03791201,0.060702833,3.56E-05
1/31/2022,-0.004511478,-0.018061719,-0.00914478,-0.030949627,0.021335424,0.145182875,0.056429054,0.038083427,-0.014504452,-0.004799534,-0.005978169,0.013710749,0.086624457,0.004780305,-0.031239159,-0.026644094,5.20E-05,-0.030918812,0.012013321,-0.019333387,0.048755881,-0.003733212,-0.00946087,-0.040197871,-0.01446455,0.026524219,-0.04075526,-0.028286485,-0.031008894,0.003751188,-0.004223296,0.001651832,-0.003372049,0.07833654,-0.001098544,-0.039915496,-0.052079371,-0.042463865,-0.028084789,-0.00656649,-0.012622232,0.036016027,0.015048145,-0.021640481,-0.004194076,-0.035025344,-0.025697567,-0.01394294,-0.034825193,-0.018072168,3.71E-05
2/7/2022,-0.017573762,-0.056199161,-0.05689393,-0.075370689,-0.031203567,-0.027364165,-0.060754286,0.013231019,-0.043949307,-0.006692452,0.016402208,-0.017862345,0.005191751,-0.003340439,-0.043867959,-0.020135633,-0.037340201,-0.052761389,-0.018985263,-0.019064834,-0.028983582,0.012056133,-0.031989648,-0.001843124,-0.023124568,-0.030320154,-0.089270854,-0.069487708,-0.002612226,-0.038527637,-0.000928051,-0.04824372,-0.013948604,-0.05099902,-0.077214465,-0.009621892,-0.033596806,0.016860728,-0.041764797,-0.018762187,-0.020206096,-0.004635309,-0.031175703,-0.035216169,-0.033653876,-0.045178695,-0.002724339,0.010180725,0.020576077,0.010956472,7.12E-05
2/14/2022,-0.036357408,-0.015425463,-0.02087275,0.013349099,-0.002390322,-0.021302564,-0.053614143,-0.004303344,-0.016249908,-0.018310339,-0.018647898,0.019877433,-0.023210108,-0.06012597,0.001146689,-0.099729816,-0.012189228,-0.024005706,-0.017868526,-0.048438859,-0.045433564,-0.025917661,-0.045890952,-0.011559808,-0.023512399,0.016027584,-0.000529526,-0.023889408,-0.037323389,0.01537195,0.000796259,0.008689542,-0.039425608,-0.030970715,-0.009532497,-0.017751129,-0.060122574,-0.0504317,0.007074069,-0.021923634,-0.022306425,-0.007145565,-0.086244065,0.030003136,-0.030722337,-0.016705398,-0.032545164,-0.018477148,-0.031321908,-0.031062196,6.63E-05
2/21/2022,0.021445383,0.018952126,0.008792641,-0.010219526,0.060974807,-0.022856427,-0.025458618,0.029955427,0.024125321,0.054333513,0.024483691,0.158472295,-0.025635762,-0.000972589,0.009107772,0.035499888,0.03407125,0.032467045,0.025899059,0.072223943,-0.043306819,0.032391372,0.007572518,-0.076858818,-0.034199868,0.041807881,-0.022302609,0.032011139,0.049517283,0.00451465,0.044406153,-0.05630334,-0.023328686,-0.001431593,0.045983018,-0.003174792,0.040687388,0.01713223,-0.01565653,0.005713807,0.029272381,0.002102363,0.048103685,0.008313834,0.067340667,0.032740583,-0.046341523,0.039361221,0.035382401,0.069129347,5.44E-05
2/28/2022,-0.046381492,-0.03281788,-0.029565848,-0.043848512,-0.024458243,-0.007309024,-0.038153763,-0.009984125,-0.036714671,-0.000619132,-0.024255338,0.093457955,-0.081953761,-0.012114722,-0.01097838,-0.019792697,-0.016851609,-0.012546551,-0.026496979,0.00700393,-0.0464964,-0.07347518,-0.013673797,-0.048095024,-0.05668729,-0.029633222,-0.038232218,-0.0294673,0.009591741,-0.034907987,0.023022636,-0.030700731,-0.059267051,-0.044367914,-0.020447397,-0.047429105,0.028643058,-0.061026071,-0.060445188,-0.047743934,-0.030112939,-0.003066458,-0.00117963,0.010234103,0.009967232,-0.024713742,-0.044684578,-0.026161597,0.023978751,0.053307237,6.44E-05
3/7/2022,0.013247479,0.035897214,0.032243518,0.012324805,0.039259601,0.070982636,0.058028136,0.030692713,0.024013817,0.037674747,0.026686099,-0.06076581,0.043624675,0.046926642,0.010643253,0.064319848,0.041061018,0.02903075,0.010286984,0.042084316,0.062869447,0.038182487,0.095707854,0.067315693,0.069684765,0.05054572,0.064699531,0.026123823,0.013480667,0.033719625,0.031562116,0.041006826,0.013256646,0.093035418,0.051533035,0.041615423,0.102439305,0.036497757,-0.012151889,0.005736481,0,0.043791663,0.039723273,0.03311157,0.031702803,0.073076496,0.078193566,-0.016344359,0.016686597,-0.074742476,6.92E-05
3/14/2022,0.083738091,-0.027887769,0.018122264,-0.02750016,0.004282205,0.040769194,0.000929533,0.026800851,0.006884723,0.009623836,-0.029731255,0.036524583,-0.003656888,-0.014759485,0.057778558,-0.061184595,0.014380277,0.01008124,0.095036196,-0.008823614,0.003853059,0.022579231,0.02802468,0.008399571,0.011748759,-0.03089121,0.056437699,0.008734476,0.027682492,0.030079444,0.012213889,0.011604732,0.036653313,0.136638965,0.020347597,0.021933509,-0.030420601,0.005657934,0.036838241,-0.006160191,0.006037319,-0.025281227,0.163285924,0.032162246,0.015698464,-0.03445495,0.018083854,-0.025973829,-0.011223828,0.055710169,6.92E-05
3/21/2022,0.003102158,0.004583289,0.036705438,0.054334196,0.020897639,-0.003984174,-0.042953133,0.0085625,0.000427565,0.031785809,0.023119214,-0.020865957,-0.012953314,-0.02783693,-0.017690794,-0.052093242,-0.000564955,0.005957501,-0.039907047,0.011355816,-0.031061024,0.016726712,0.004370458,0.022985542,0.029218404,0.049481309,0.012706642,-0.000671295,0.020395469,0.013843965,0.012067112,-0.00298101,0.018776445,-0.030692769,0.005958181,0.01769305,-0.015592302,0.011384907,-0.035592313,0.044192082,0.012859034,0.021163175,0.062805798,-0.003962902,-0.006796996,-0.000931719,0.020523671,-0.001176567,0.04263795,-0.00947467,9.29E-05
3/28/2022,-0.014145902,0.042328523,0.013462473,-0.00636494,0.040608736,-0.03198207,-0.044395987,0.065727732,0.007048188,0.055917448,-0.020265225,0.026223685,-0.038568016,-0.022295203,-0.02285931,0.011425738,-0.009662055,-0.011305876,-0.040355072,0.025559946,-0.038365661,0.023225962,-0.004320202,-0.021909213,0.02863151,0.012438078,0.002653332,0.007187059,0.057891327,-0.022509751,0.027977732,-0.033209649,-0.038495819,-0.112804928,-0.01438422,0.030887887,0.065481848,0.039659455,-0.08899399,-0.086292236,0.004231882,0.038410414,-0.018875274,-0.032047158,0.052905152,-0.101464185,-0.025341624,0.033961482,0.051168422,0.029786011,9.48E-05
4/4/2022,-0.039793283,-0.046040207,-0.065248197,-0.071302347,0.009457799,-0.038520913,-0.046204783,0.003235824,0.014815127,-0.029043576,-0.056920786,0.026870155,-0.010616523,0.01531425,-0.067397155,0.005846099,0.012921797,-0.015480395,-0.039739391,-0.010233231,-0.030781515,0.024905225,0.001477857,0.025079568,-0.015136025,-0.029466627,-0.057277408,-0.017139019,0.001267117,-0.071473605,-0.049035547,-0.058042218,0.03153517,-0.121860737,-0.021819811,-0.003766864,-0.036983257,-0.001825063,-0.016592138,-0.043551672,0.090221772,-0.002400951,-0.068346487,-0.022184678,-0.003966911,-0.02428626,-0.015544681,0.034468644,0.003449755,0.032686388,0.000126923
4/11/2022,0.006836705,0.052440311,0.011893661,-0.007040223,0.005669076,-0.022480856,0.035666745,0.000645123,-0.013451158,0.002286349,0.031463576,-0.040853327,-0.067525124,0.009798498,-0.015114833,0.019177941,0.003842335,0.1050095,0.040070184,0.019233087,0.035204495,0.018302287,0.018366073,0.018500747,0.018921316,0.037332509,-0.105195471,0.029786863,-0.007823935,0.003502108,-0.080062477,-0.36030253,0.014985822,-0.050568923,0.000377528,0.017102941,-0.075489286,0.025477518,-0.005843097,-0.006792274,0.049200388,-0.006467944,0.02414213,0.020557425,0.004898941,0.004148286,0.017200196,0.021920743,0.017761545,-0.009108501,0.000143846
4/18/2022,-0.01670481,-0.043446608,-0.026279046,-0.016647533,-0.067838378,-0.024946786,-0.053970695,-0.00464164,-0.111631751,-0.050258506,-0.040735017,-0.016952144,-0.052359095,-0.152529466,-0.050410875,0.004510973,-0.03072365,-0.029388711,-0.013894736,0.000545302,-0.055300249,-0.00030204,-0.028300932,0.039485302,-0.004152681,-0.052524512,0.093901145,-0.030506499,0.027252565,0.031409309,-0.035311246,-0.085693323,-0.062084924,-0.019868443,-0.042023135,0.015213795,0.02850719,0.01055722,0.088751732,-0.030141859,-0.039089662,0.001438138,-0.130127527,-0.0077864,-0.024226321,0.00720353,0.019450066,-0.120159887,-0.022893673,0.001953289,0.000153846
4/25/2022,-0.041982264,-0.042369283,-0.048241018,-0.024407447,-0.015873851,-0.194952849,0.01983153,-0.012305527,-0.031654665,-0.078004123,-0.020146119,0.027628495,-0.023245728,0.011063947,-0.017017846,-0.040576246,0.041859791,0.001326285,-0.047822348,-0.036520325,0.004702295,-0.025381653,-0.008185781,-0.067206919,-0.020732546,-0.024264988,0.012394895,0.015767139,-0.006434967,-0.042399028,-0.022452051,-0.056134707,-0.066273229,-0.047416816,-0.04386644,-0.040056295,-0.040783902,-0.05476983,-0.044200406,0.011752502,0.027291584,-0.020636303,-0.004820471,-0.031674839,-0.056633784,-0.054533251,-0.069881339,-0.011570239,-0.022213502,0.035665143,0.000150962
5/2/2022,-0.090642593,-0.044597687,-0.058553921,-0.030011783,0.044250045,-0.081408349,-0.065796467,0.000655667,0.025012295,-0.060194805,-0.026607556,-0.009322785,-0.073705716,-0.067565941,-0.031427653,-0.031493416,-0.025016427,-0.022219188,-0.031869023,0.006279504,-0.04744989,0,-0.036051205,-0.090924449,-0.019002068,-0.03290293,-0.081812919,0.000870015,0.032041839,-0.079322136,-0.046352882,-0.074394696,-0.090449186,-0.1416367,-0.028434086,5.85E-05,0.040041259,-0.015991174,-0.069683544,-0.097831958,-0.011528991,-0.042683044,-0.166361257,-0.025722459,-0.032179856,-0.006340482,-0.054911092,0.004598673,-0.030927897,-0.044402424,0.000154423
5/9/2022,-0.035130123,0.04140038,-0.027026173,0.015161303,0.000204344,0.003633239,-0.017678971,-0.004456196,0.015221164,-0.130095881,-0.136052939,0.013053282,-0.011216519,0.033569971,-0.021799974,-0.006662193,0.003723242,-0.012544235,-0.019374677,-0.022094612,0.002287451,-0.069911574,0.031061465,0.034180031,-0.062205738,0.016219887,0.000261313,-0.017581593,0.013872189,-0.008654846,0.028462866,0.052607414,-0.013531084,0.058671077,-0.052170456,-0.053990331,0.013356796,-0.067701976,-0.009106721,0.03628935,0.024848022,0.014915807,-0.025522022,0.017237677,-0.000522251,-0.063028187,0.019471593,0.021639486,-0.19263642,0.066901054,0.000174038
5/16/2022,0.04681444,0.021611289,0.065568097,0.036056598,0.04213398,0.03502175,0.064441206,0.021458576,0.050214174,0.099449097,0.078379631,0.067018638,0.023948015,0.016767831,-0.023477107,0.052300329,0.002335628,0.055761263,0.034991677,0.031735068,0.094074852,0.07166675,0.030994374,0.053187747,0.083362543,-0.032214143,0.001777509,0.010655669,0.002389026,0.052853356,0.06500148,0.043165459,0.061067288,0.042454865,0.068914457,0.055272924,0.065942872,0.033733335,0.032702651,0.035590377,0.054923238,0.054496374,-0.002382188,0.038838059,0.049483084,0.074799725,0.056644964,0.038493092,0.058201148,0.06034687,0.000192308
5/23/2022,0.051676504,0.022982701,0.051689047,0.079980402,-0.018850032,0.129940828,0.000818262,-0.032478242,-0.007477976,0.048646236,0.017781774,-0.003340799,0.049805909,0.012855585,0.091193639,0.01010531,0.02040407,0.023814547,0.031278945,-0.006528683,0.019777509,-0.008864731,0.040114919,0.03769754,0.009230462,-0.009452913,0.037728861,0.007753134,-0.025024434,0.032643773,0.046374937,0.071525616,0.09270413,0.097529488,0.020652955,-0.02016351,-0.02426391,0.0049836,0.084248118,0.066183093,-0.006097442,0.023052598,0.095050398,0.014873642,-0.019851676,0.031898145,0.031167654,0.00588334,0.011984175,0.010658013,0.000197692
5/30/2022,-0.056676458,-0.040847561,-0.036494659,-0.033674731,-0.026301104,-0.074583104,-0.054257049,0.012122016,-0.036986215,-0.031910715,-0.03341371,0.008636291,-0.06827814,-0.041282009,-0.023694353,-0.013457388,-0.025528018,-0.015626002,-0.107716447,-0.019418631,-0.050681855,-0.030284115,-0.039975546,-0.038779452,-0.032830068,-0.053806956,-0.074725853,-0.026994248,-0.022222432,-0.035654443,-0.009417494,-0.060071151,-0.038975885,-0.078807561,-0.053595955,-0.016605512,-0.0170842,-0.032062938,-0.059988443,-0.006421237,-0.01462977,-0.020471173,-0.072103269,-0.085672009,-0.005748882,-0.040854045,-0.041571781,-0.006823797,-0.050898086,0.047711662,0.000214038
6/6/2022,-0.088194043,-0.094401664,-0.083031448,-0.143848846,-0.045666878,-0.107533342,-0.077078866,-0.044222253,-0.101232846,-0.042982701,-0.021237939,-0.124155363,-0.087318462,-0.126905704,-0.076648892,-0.088041028,-0.063173656,-0.016599152,-0.066733224,-0.020896834,-0.094804892,-0.044174719,-0.090903374,-0.115243384,-0.023399978,-0.062231948,-0.125706502,-0.091829573,-0.035340738,-0.074851606,-0.083656472,-0.100741805,-0.094558306,-0.135400184,-0.007367637,-0.035323687,-0.083043576,-0.064355576,-0.116231528,-0.100874392,-0.091954007,-0.065704496,-0.110996742,-0.06318853,-0.068120065,-0.024695628,-0.082771172,-0.041225031,-0.003304932,-0.106909043,0.000238077
6/13/2022,0.063124694,0.040560498,0.055112367,0.031664371,0.053660392,0.084699966,0.007221135,0.069815368,0.031653895,0.05144311,-0.009002701,-0.083933462,0.000212097,-0.018685903,0.058552225,0.007167565,-0.029519557,0.020417534,0.001874634,0.056326299,0.004320016,0.055139411,0.024540739,0.025843593,0.035673287,0.014531098,-0.013178336,-0.006033503,0.092625008,0.056700587,0.089318537,0.048226134,0.008215333,0.039997551,-0.015718535,0.045023287,0.054970503,0.06735711,-0.006042089,0.059901319,0.087025385,0.093820394,0.10309714,-0.001519481,0.099766256,0.037400592,0.040147959,0.066544054,0.02487126,-0.067622215,0.000285192
6/20/2022,-0.011209863,0.02297332,-0.02861811,-0.028090529,0.000863838,-0.055407357,-0.029613465,-0.008881071,0.003324131,0.009010501,-0.006755254,0.016499321,0.001060423,-0.006242979,-0.029213588,-0.004175559,-0.004353709,0.019864091,0,-0.011966852,-0.011499383,0.01664507,-0.0313307,-0.004040936,0.013547898,0.019950936,0.015748015,-0.005685574,-0.009021714,-0.00784202,0.003367493,-0.03764246,-0.053703865,-0.065701128,0.033121642,0.015599999,0.046715845,0.01047055,0.063702214,0.015824406,0.016982151,-0.010298805,-0.045078825,0.016607016,0.027650549,0.021888761,0.001271401,-0.025724972,-0.016502197,0.005046228,0.0003
6/27/2022,0.070435877,0.007731323,0.006302856,0.067830457,0.016933814,0.095282957,0.023450043,-0.017377536,0.017838771,0.032694958,0.013602297,-0.008702609,0.032097459,-0.009341628,0.090122375,0.045283914,-0.000114907,-0.002549638,0.019513566,0.005577142,0.018737379,0,-0.047473487,0.027228253,0.024546405,-0.002785487,0.067844953,0.004945384,0.020182201,0.045049394,0.037697288,0.082346941,0.058023537,0.046111117,0.028052098,0.022201015,0.018882253,0.015369501,0.052137337,0.037308598,0.009064955,0.013304732,0.089409319,0.006768592,0.001460213,0.019995552,0.030016727,-0.000788041,0.030761581,0.003503094,0.000307692
7/4/2022,0.014485798,-0.034523777,-0.038403885,-0.04586974,-0.007396401,-0.048998577,-0.054300084,-0.015038764,-0.002327843,0.034326543,-0.011777207,-0.052815103,-0.057374505,-0.030317313,-0.070847691,0.009731769,-0.024627619,-0.012568777,-0.011274158,-0.015798443,-0.050249953,-0.011603998,-0.017781513,0.004499715,-0.001344131,-0.022234625,-0.082118646,-0.013379412,0.009353573,-0.053353271,-0.003110421,-0.076557326,-0.045408341,-0.03064686,-0.033133957,0.003639432,-0.038000708,-0.004999871,0.055803585,-0.013124629,-0.03877082,-0.004914428,-0.02547604,0.020428159,-0.023231993,-0.042483287,0.015335291,0.008187971,0.019949033,-0.032580811,0.000356346
7/11/2022,0.046339243,0.051764249,0.075797387,0.096391069,0.000773749,0.126547956,0.116827205,-0.013106055,0.0679638,0.034223068,0.053153874,0.069589531,0.134364115,0.115239536,0.035993321,0.053613327,0.062061294,-0.085646318,0.076902432,-0.024874636,0.067777595,-0.013187436,0.066986381,0.067347567,0.003444115,0.031424949,0.158936974,0.043956003,-0.039837944,0.042348756,-0.015724237,0.280924628,0.081379668,0.17421292,0.078090358,-0.014446223,-0.005253906,-0.03097664,0.098378846,0.068286227,-0.056960092,-0.018207265,0.140123612,0.055052113,0.039866409,0.048967673,0.049924698,-0.05605075,0.037005159,0.05544876,0.000437115
7/18/2022,0.012874322,-0.002981226,0.054407832,-0.013230304,0.016152672,-0.018855801,-0.009806993,0.022727042,-0.067660299,0.012692006,0.02332858,0.034318958,0.006911086,0.073535882,-0.001049441,-0.017606591,0.057823738,0.01628013,-0.02216198,0.016869815,-0.004422324,0.044002569,0.03449092,0.01594014,0.039412916,0.035564139,-0.122563686,0.047928282,-0.002218687,0.043686655,0.071890054,0.009558689,0.00546497,-0.003656592,0.033539063,0.037564636,-0.007824818,0.058614415,-0.060374443,0.013526501,-0.017970474,0.063893484,0.033835493,0.055302181,0.036423965,0.006577246,-0.022387598,-0.044271908,-0.021124124,0.055726207,0.000453846
7/25/2022,0.05376543,-0.005799371,0.022820033,0.067137537,-0.011091124,0.165930723,0.002401052,-0.034538168,-0.012179839,0.014990893,-0.005260721,0.004987167,0.030695952,0.00724627,0.034757519,0.025164407,0.010501842,0.018727798,-0.1019895,-0.013834519,-0.021339581,-0.006088072,0.017882848,0.01027111,-0.010703728,-0.002781859,0.061286856,0.055211282,-0.03468977,0.026193139,0.040690971,0.017210863,0.02004809,0.068449669,0.004672842,0.00589122,-0.009327999,-0.023031286,0.031136678,0.026101263,-0.016684521,0.014749433,0.098730288,0.052119417,-0.014293905,0.033361625,0.010030846,-0.024588411,-0.032215798,-0.058829702,0.000443846
8/1/2022,0.016163172,0.007017866,0.012266205,0.00998634,0.005547027,-0.013537265,0.075149678,0.032445754,0.012073071,-0.020394833,0.011458802,0.056106923,0.088512769,0.07099241,0.00549954,0.0114594,0.031542328,0.006836646,0.008112678,-0.027068002,0.069241512,-0.007067742,0.01201042,-0.015418343,-0.005218003,0.008904693,0.040569714,0.010396988,0.024303266,0.011880887,0.016481045,0.055630434,-0.003319335,-0.066250255,-0.003100807,-0.004719699,-0.031488015,0.004217092,-0.021058205,0.004489039,-0.012588837,-0.001251814,-0.071292774,-0.008927893,-0.001667404,0.050945889,-0.011196093,0.007877709,0.033845634,0.068815379,0.000457308
8/8/2022,0.035028119,-0.004796836,0.016029579,0.009519612,0.005436036,0.011803212,0.010303612,-0.004163154,-0.02005054,0.054039812,0.075599059,-0.003759006,0.042314529,0.003929027,0.011191476,0.046734584,0.031370306,0.062488389,0.017139674,-0.002213775,0.01248545,0.031635781,0.014058608,0.01933939,0.028154899,0.012760432,-0.015944514,-0.019911788,0.02777436,0.010974901,0.009057381,0.010177179,0.016739626,0.046315877,0.027993862,0.030621727,0.006005414,0.031048044,0.024014305,0.020448304,0.021618614,0.022630707,0.056658375,-0.019773741,0.023195501,0.017707946,0.021561699,-0.01317559,0.075918091,0.022609705,0.000478846
8/15/2022,-0.023657773,-0.037013398,-0.030332593,-0.079948993,-0.008501181,-0.035277612,-0.031422382,-0.035738106,-0.026159235,-0.018165136,-0.042535774,0.04462184,-0.042471696,-0.013508375,-0.029291832,-0.047446228,-0.01614965,-0.036600483,-0.036187899,0.002159044,-0.025402603,-0.008433182,-0.042073747,-0.035510189,-0.015079757,-0.032549213,-0.033665436,-0.026724895,-0.012363228,-0.036971759,-0.009419287,-0.04564181,-0.024049528,-0.045810385,-0.030635263,-0.00626379,-0.013997472,-0.027175161,-0.033888128,-0.01309988,-0.018448379,0.001430044,-0.022451837,-0.006444251,-0.006694542,-0.007278785,-0.025226387,-0.010183199,-0.023010007,0.049904762,0.000493269
8/22/2022,-0.070987309,-0.009915814,-0.067727622,-0.082687581,-0.000732685,-0.06891025,-0.047524026,-0.03370644,-0.018616885,-0.039217639,-0.041887211,-0.055157329,-0.041971786,-0.064755662,-0.059237,-0.052973052,-0.048395854,-0.032243558,-0.089710389,-0.004063377,-0.034078662,-0.041286391,-0.060514217,-0.056343991,-0.023194761,-0.039179743,-0.020263076,-0.110960547,-0.034562866,-0.066164803,-0.035015215,-0.016839057,-0.05944186,-0.221961871,-0.020678945,-0.035811967,-0.026513663,-0.041592138,-0.111658499,-0.022771378,-0.032614743,-0.021418325,-0.063870042,-0.062884163,-0.032442712,-0.040926907,-0.04618258,-0.044124189,-0.010230327,-0.052679465,0.000525
8/29/2022,-0.022157526,0.020507302,-0.002874213,0.035354779,-0.000203737,0.015647063,0.042076317,0.00419725,-0.068563759,-9.47E-05,0.001766567,0.002636121,-0.001777266,0.009441784,-0.012392937,0.028928474,-0.015257129,-0.009177843,-0.03180117,0.000302324,0.035717442,0.001935524,0.021312435,0.014819326,0.01962654,-0.007229027,-0.019956484,-0.050624836,0.003098091,-0.007219476,0.051562546,-0.011302343,0.021034851,0.003802803,-0.008632279,0.005672073,0.009650335,-0.012747037,-0.002670514,0.047540888,-0.041714097,0.010074913,0.043657115,0.013541284,0.00669847,-0.002441319,0.002898197,-0.011719901,0.014500205,0.011079263,0.000550577
9/5/2022,-0.013531098,-0.018038936,-0.048965019,-0.194197532,-0.072479049,-0.02726859,-0.004040331,0.034592197,-0.010765172,-0.048420031,-0.045845304,0.029945554,-0.013887617,-0.065880442,-0.050470515,-0.094564879,-0.05835402,-0.023196094,-0.062113806,-0.001874245,-0.006155016,-0.041693631,-0.003557417,-0.039718711,-0.025415212,0.031061483,-0.07719362,-0.023895426,-0.007663961,-0.05082779,-0.047191636,0.034910316,-0.026919608,-0.075565035,-0.059075708,-0.039323459,-0.024214234,-0.003046856,-0.030034929,0.030851679,-0.000596408,-0.02992359,0.050093306,-0.03408337,-0.00872022,-0.056748174,-0.02660568,-0.007018459,-0.021695982,-0.000843035,0.000567308
9/12/2022,0.002428363,-0.037978387,-0.042138141,-0.071393935,0.000395376,-0.071032636,-0.058243965,-0.006826361,-0.045000115,-0.032432909,-0.04943422,-0.035674228,-0.077728625,-0.051516476,-0.026916762,-0.008838316,-0.02041137,-0.001434449,-0.026698888,0.00666332,-0.056502978,0.002722158,-0.031212395,-0.05868256,-0.021817284,-0.077907733,-0.045001678,-0.019584104,0.016892926,-0.017931548,-0.028717455,0.007094902,-0.065876656,-0.028463294,-0.059937296,0.016397282,-0.029821092,-0.008949058,-0.01040178,-0.081544152,-0.031026104,-0.042334141,-0.049909477,-0.000307445,-0.007317405,-0.092648401,-0.049035087,-0.026809709,-0.000599315,-0.044922518,0.000595192
9/19/2022,-0.067173056,-0.027505702,-0.015439258,-0.03069044,0.002897986,-0.021396254,-0.056615441,0.005891357,-0.062827197,-0.01681149,-0.014094725,-0.065336742,-0.046104284,-0.040238602,-0.027161915,0.034145871,-0.018355173,-0.029367193,-0.060206733,-0.009928771,-0.045409541,-0.045393176,-0.016273294,-0.038845804,-0.054609906,-0.007566289,-0.044881572,-0.016120546,-0.009941748,-0.014440868,-0.042734436,0.011221277,-0.032673785,-0.027147418,-0.070119698,-0.011803088,-0.00919922,-0.055135669,-0.071474677,0.022078008,-0.043719347,-0.003036186,-0.070619235,-0.025642601,-0.016677625,-0.01513167,-0.030841204,-0.032306407,-0.008546536,-0.020867717,0.000601923
9/26/2022,0.020704607,0.04232352,0.043365444,0.072452843,0.011076452,0.047909406,0.026092741,-0.020499197,-0.012487669,0.007327931,0.023416278,0.115010159,0.026577898,0.056945149,0.041059194,0.043329719,0.029223434,0.004933099,0.030326103,-0.015924225,0.018651067,-0.02722303,0.034160517,0.043449551,0.001493257,0.026133617,0.019499959,-0.01050762,0.009233672,0.039115615,-0.013254923,0.001293219,-0.054127905,0.074467989,0.063517922,-0.022867726,-0.024230019,-0.017249176,0.090909052,0.032112719,-0.013522085,0.035502112,-0.11215088,0.051057051,0.020242516,0.001693286,0.030711914,-0.020703988,-0.00430979,0.150879356,0.000618846
10/3/2022,-0.016777896,0.000195354,-0.044568952,-0.01229856,0.089720245,-0.064588563,0.007310845,0.015218152,0.014936458,-0.030052284,-0.012831828,0.023912475,-0.033986528,0.025974088,-0.02326957,-0.026034095,0.014339492,-0.00359981,-0.027961821,0.020010864,0.02042294,0.015264705,0.013054971,-0.016026976,0.051118071,-0.010897907,-0.063133607,0.028257639,0.057753777,-0.05085288,-0.073754666,-0.031289099,-0.006764832,-0.089108855,-0.001531348,0.07254299,-0.002552769,-0.001344387,-0.099138022,0.000224007,0.004474577,-0.045474103,-0.068911953,-0.07325561,-0.017760462,-0.011714768,-0.005010856,-0.021843301,0.004556457,-0.001861548,0.000632308
10/10/2022,0.002797395,-0.066465842,0.021300855,0.025921201,-0.016728922,0.024171343,0.063426921,-0.005934672,0.007608365,-0.007201003,0.027086876,0.022265383,0.020178031,0.029879202,0.009186391,-0.047271989,0.00050688,0.053452858,-0.012868999,-0.000242137,0.061808322,-0.014140008,-0.000814156,0.007892338,0.012239255,-0.012574951,0.009517143,-0.010064581,0.00486561,0.008154132,-0.033520432,0.153326782,-0.030482368,0.019565268,0.067576538,-0.018040198,-0.001628753,0.005383672,-0.007797244,-0.028868967,0.107142748,0.022091799,-0.065127198,-0.004017133,0.021513655,-0.016375497,0.013863221,0.016483389,0.013682969,0.020221735,0.000689038
10/17/2022,0.009833467,0.018065402,0.065169221,0.053806431,0.079935356,-0.037223435,0.064391712,0.060412474,0.049573299,0.068701448,0.064972362,0.052911834,0.059336713,0.086179713,-0.077523193,0.080160249,0.106113459,0.050428439,0.00728526,0.043607323,0.072935604,0.080791558,0.03908152,0.077932905,0.061416197,0.037841233,-0.255378985,0.085668557,0.073165288,-0.039805299,0.068374926,0.10732398,0.0427271,0.08053132,0.085198407,0.043275348,0.065951922,0.045877187,0.024290087,-0.017398213,0.077060942,0.033892322,0.085922413,0.019775914,0.040162515,0.034228087,0.091175995,-0.02216201,0.049519058,0.034831176,0.000748077
10/24/2022,-0.040884075,-0.004952173,-0.078754726,-0.102683201,-0.005051775,-0.195205445,0.000557682,0.052010609,-0.049734201,-0.018874927,-0.012832156,0.018156453,-0.049693666,0.031315972,-0.095315545,-0.032845418,0.040205775,-0.00222587,0.042634274,-0.00922734,0.020866778,-0.012598692,0.014799185,-0.031937669,0.029572644,-0.018113702,-0.09219935,0.000407111,-0.009925768,-0.055126727,0.035908474,-0.093891037,-0.001546267,0.018594352,-0.001596664,-0.006149557,0.018146249,0.001137539,-0.094333143,-0.00703555,0.007764636,0.053615856,-0.043449282,-0.001530706,0.003340791,-0.014895866,-0.046698109,0.026810427,-7.11E-05,0.033007976,0.000755769
10/31/2022,0.057531675,0.080663611,0.11733096,0.153953837,0.09451618,0.082082799,0.062412817,0.011467927,0.07867028,0.055193298,0.041277319,0.000938426,-0.088564148,0.089308399,0.12597381,0.1072824,0.050931951,0.050271443,0.086527885,0.021965608,0.061949789,0.035726429,0.103393792,0.090888287,0.010734693,-0.025946336,0.258238799,0.051282193,0.031797505,0.134095693,0.064210627,0.021965375,0.100553115,0.173534017,0.028521766,0.022050022,0.026112911,0.069302238,0.161725196,0.136750026,0.036874164,0.015387651,-0.114207406,0.124986319,0.001030122,0.050667715,0.05555829,0.036877326,0.011654364,-0.005400699,0.000774038
11/7/2022,0.027916181,-0.016022187,0.000418223,0.023882328,-0.012748565,-0.018420768,-0.025177046,-0.027966553,0.045468318,0.015960964,0.020367826,0.015388933,0.010944017,0.000117216,0.047051321,-0.000834102,0.003540316,0.0467451,0.017933172,0.0022353,-0.018803976,-0.002792445,0.005999311,0.011859943,-0.009134572,-0.023215938,-0.00375443,-0.015486095,0.004121999,-0.005350308,-0.010216343,0.073862594,0.059000983,-0.004634848,0.026305553,-0.009191027,0.020050622,-0.002195744,0.018064465,0.013165337,0.005838572,-0.017813321,-0.039586845,0.003835254,-0.053034746,0.031261234,0.028659737,-0.009345893,0.039617899,0.023167527,0.000779808
11/14/2022,0.002322115,0.033736176,0.025736582,-0.006068105,-0.006780298,-0.007590946,0.011837351,0.02566095,0.037069805,0.025262866,0.042498408,0.008556473,0.08124657,0.029043273,0.001016641,0.032333644,0.020511855,0.018207924,-0.007360187,0.012295508,0.029726962,0.031625698,0.037900393,0.021596012,-0.000329005,-0.011508647,0.007088418,0.018472759,0.044081858,0.027299403,0.031208104,-0.012801405,0.012243709,0.05370922,0.042424354,0.028050789,0.010759265,0.03961107,0.018639114,0.026296742,0.007387851,0.015903123,0.000163776,0.020643406,0.027944384,0.038509393,0.003507147,0.019916266,0.029864883,0.012953982,0.000790962
11/21/2022,-0.01826956,0.018015581,0.028180226,0.02480787,0.008962231,0.014554369,-0.028183789,0.021986081,0.021108706,-0.057307222,0.028824336,-0.009498424,-0.002932879,-0.029703129,0.025695741,0.017293381,-0.0069434,0.002756523,0.00539262,0.016291189,-0.001758449,0.018521553,-0.016333245,0.034878179,0.000475632,0.002910526,0.073057716,-0.015703077,0.027897248,0.028718042,0.004013535,0.087307074,0.041818827,0.037290408,0.018774353,0.004430498,0.045650005,0.019119016,0.013263982,0.038685743,0.005238337,0.011257663,0.062772927,-0.008269192,0.013592119,0.040199086,0.024890415,-0.015159307,0.006232654,-0.02473363,0.000807692
11/28/2022,-0.038163412,-0.009357789,-0.035267262,-0.033506725,-0.001293706,-0.053926718,-0.107259903,-0.012363976,-0.03610781,-0.044536053,-0.019611765,-0.049043854,-0.061263782,-0.01911794,-0.072086345,-0.003116606,-0.018584258,-0.009252141,-0.04659736,-0.008615962,-0.024662377,0.007407877,-0.004335928,-0.026690612,0.005595437,-0.018422618,-0.042427814,7.93E-05,0.009562892,-0.028623045,0.010963004,-0.021107437,0.002250095,0.002240525,-0.048032495,-0.005237338,0.013704033,0.013869405,-0.033780632,0.003579443,-0.003647375,-0.052697541,-0.109193605,-0.006422487,0.020506326,-0.055523314,-0.036405564,-0.03208974,-0.029927525,-0.057581169,0.000806346
12/5/2022,-0.043112477,0.014964168,-0.037754369,-0.011636284,-0.068039481,-0.021029348,-0.020653379,-0.061091626,-0.010294785,-0.036371617,-0.017146367,-0.01440597,-0.022258247,-0.057634816,-0.030413025,0.010830244,-0.020529482,-0.036676153,-0.045358756,0.001636686,-0.020921084,-0.01096991,-0.011445752,-0.014010385,-0.006072089,-0.000899974,0.007110197,-0.028730063,-0.011005826,0.006507615,0.000583156,-0.063978616,-0.022601792,-0.012639054,0,-0.019207725,0.035341883,-0.001387818,-0.041971316,-0.036148106,-0.033995988,-0.025102296,-0.090924839,-0.036006089,-0.033970834,0.008796089,-0.005691134,0.018059147,-0.019303917,0.009768237,0.000798077
12/12/2022,-0.031282304,-0.004515246,-0.058195983,0.023759538,-0.00330634,-0.05268509,0.019515102,-0.015599969,0.00606747,-0.01120898,-0.017237841,0.006080674,-0.042214613,0.038561062,-0.034118346,-0.03504268,0.015983138,-0.010396119,-0.043462182,-0.002591584,0.004304363,0.00364427,-0.009491948,-0.013660587,-0.021933748,-0.0074627,0.008351146,-0.006455509,0.021408363,-0.043452026,-0.02878455,0.025274599,0.075569114,-0.095151034,0.005245337,0.004660133,-0.03674688,0.007147302,-0.051097366,-0.022302193,-0.010828413,-0.004779108,-0.204985096,-0.031233231,-0.001118156,-0.030903507,-0.013707845,0.014297276,-0.012933307,0.004172916,0.000810192
12/19/2022,-0.019813736,0.021105256,0.013672873,0.00314988,-0.007916906,0.004654486,0.023155372,-0.023432176,0.006605364,-0.004752547,0.003803834,0.036262245,0.005884334,0.024214398,0.007862248,0.01357089,0.011492651,0.001277677,0.009241415,0.00299362,0.019592861,0.0096306,0.006378601,0.019588916,0.000602114,0.017658702,0.026810146,-0.008388799,-0.003775499,0.011839297,0.0088794,-0.022267019,0.00548367,-0.047982266,0.01130594,0.004914904,-0.006002986,0.002628043,-0.007589619,0.020560365,0.009851953,-0.000931734,-0.028161139,0.001942775,0.005293404,0.000797158,0.014629875,0.024797685,-0.009269727,0.031356368,0.000809231
12/26/2022,-0.035413981,0.00444227,-0.020120764,-0.027075018,0.014059782,-0.012592036,0.028062779,-0.002496504,0.055064356,-0.013887286,-0.013052563,-0.017272371,0.054370369,0.090417739,-0.025438025,-0.015417762,-0.047869667,0.000354464,0.051507059,0.00698363,0.01598874,-0.027365093,-0.073570955,0.010223605,-0.014176643,0.028530923,0.055546286,0.019822631,0.025446638,-0.077590041,-0.017245695,0.063822538,0.027865368,-0.023145867,0.035749252,-0.026816335,-0.032534805,-0.014745341,-0.004005696,0.046707525,0.041192538,0.036441984,-0.094237427,0.011574499,-0.075337982,-0.010867718,0.014659174,0.062149999,0.00787915,9.16E-05,0.000825962
1/2/2023,0.067109052,0.005053947,0.079321579,0.049019626,0.015214244,0.146174128,0.011740339,0.003426375,0.054381996,0.071614145,0.053572912,0.010499641,0.085835454,0.106185967,0.057192514,0.045646267,0.056291858,0.031464935,0.099056765,-0.026845603,0.038199697,-0.015916432,0.076663649,0.079711158,0.01727967,-0.002249187,0.076965529,0.051968139,-0.016455581,0.072871148,0.029529454,0.065967039,0.06027186,0.157448201,0.053018628,-0.007453386,-0.039266889,-0.00352528,0.111425866,0.013597783,0.010411228,0.037583147,0.119811507,0.067093953,0.011653981,0.052404622,0.05925824,0.002637736,0.01074891,0.036718077,0.000865
1/9/2023,0.013942065,0.008496898,-0.034645369,-0.005833894,-0.032814252,-0.016689371,-0.035973078,0.030027913,-0.014215671,-0.026822589,-0.051836424,0.010842833,-0.007313848,-0.025361462,0.021068937,-0.057568359,-0.070932557,-0.033871553,-0.061736616,-0.025689795,-0.033980758,-0.024342441,-0.013286345,-0.02968018,-0.011661785,-0.004132579,-0.004096228,-0.084422203,-0.016730527,-0.027587961,-0.029152552,-0.043467743,-0.026272639,0.015383756,-0.028359493,-0.034986713,-0.057639763,-0.049329228,-0.032979651,-0.015021166,-0.010123725,-0.031819149,0.02921658,-0.040420091,-0.02281768,-0.037168635,-0.014354674,-0.026793017,-0.04129552,-0.016781347,0.000860577
1/16/2023,0.064242146,-0.006529589,0.005020204,0.06799407,-0.027287016,0.059137499,0.063496973,-0.010304903,0.05951759,0.06136441,0.040464713,0.049106054,0.10718597,0.05568555,0.048038556,0.009424846,0.043307137,-0.043877076,0.058761365,-0.00377508,0.038812818,0.018251942,0.015314122,0.025275873,0.042264564,0.029175083,0.081895044,-0.041205657,-0.027570572,0.069288109,-0.07494856,0.155456319,0.024090688,0.181151224,0.045264211,0.003478065,-0.015792184,-0.00269819,0.139309494,0.043161217,0.055966031,0.024459057,0.260281565,0.018545725,0.016764436,0.020153181,0.019509192,0.005242037,0.024346326,0.057851135,0.000870192
1/23/2023,0.047651976,0.010624015,0.072340295,0.072193984,-0.032760501,0.137976237,0.022354203,-0.003013864,0.017322366,0.050431647,0.020273125,-0.100005515,0.031996505,0.034508239,0.104799093,0.08278901,-0.009409921,0.014428897,0.003323368,-0.019835334,-0.007430031,-0.008715765,0.007708312,-0.006096813,-0.041897262,0.070136836,0.281534114,0.059356916,-0.031907985,0.066935419,-0.010471332,0.005536272,0.011997121,0.096303407,-0.005009315,-0.001468813,0.011233238,0.007226265,0.01410866,0.003585776,0.014000052,-0.011702157,0.17470518,0.060999457,-0.043961084,0.064496212,0.021583323,0.038738693,0.009914796,-0.056131162,0.000873654
1/30/2023,0.000331613,-0.037238295,-0.030397941,-0.041863226,-0.026487583,-0.129926537,-0.011347991,-0.017589888,-0.078083091,-0.041893821,-0.052514229,-0.003372286,-0.02517453,-0.037526772,-0.118154868,-0.071338042,-0.03934826,-0.01935614,-0.081483884,-0.025008993,0.010652131,-0.010948905,0.001566116,-0.012055383,-0.009688169,-0.045329903,-0.057477276,-0.061185415,0.03150985,-0.003703647,-0.030819978,-0.011965479,-0.05330838,0.028928014,-0.030543905,0.016532205,-0.022553077,-0.0360131,-0.03916071,-0.028401169,-0.064595644,-0.027900497,0.101184483,-0.04592314,0.031646048,-0.034188898,-0.00091475,-0.048290801,-0.014621886,0.028789889,0.000867308
2/6/2023,0.018824143,-0.018414052,-0.013816921,-0.028338772,-0.024083336,-0.000916087,-0.012318112,-0.008952205,0.048020955,0.006931137,0.091162073,-0.011101964,-0.041047473,0.040351578,0.005262597,0.018031862,0.00070288,0.02174383,0.029340562,-0.019578875,0.009970172,-0.006709141,-0.027272554,-0.007747937,0.019834153,0.007056528,-0.030800455,-0.008235203,-0.00196778,-0.005576299,0.033028286,-0.032524162,0.01800604,-0.014997487,0.012348442,0.01580062,-0.00899848,0.000656774,-0.002834801,0.019131275,0.015287473,0.027161227,-0.025467943,0.00622889,0.003335256,0.00433025,-0.013419086,0.00075345,0.019432065,0.012068339,0.000887115
2/13/2023,-0.026555786,-0.033276812,-0.035523614,-0.049676894,0.023463078,-0.023739193,-0.028911523,0.00776273,-0.051107623,-0.021741553,-0.034908831,-0.019262426,-0.038741354,-0.013206508,-0.048371845,-0.068266685,-0.021769924,-0.031185306,-0.091843942,-0.00322292,-0.015160034,0.014691107,0.025935172,-0.032702969,0.003573642,-0.002494112,-0.002319666,-0.014714034,0.03830631,-0.025717448,-0.037257021,-0.077157761,-0.035536309,0.075538527,0.009803955,0.004558039,-0.015133891,0.021219158,-0.030424098,-0.037474561,0.004672835,-0.013630394,0.000148555,-0.024193548,0.008905319,-0.030234446,-0.020812254,-0.032881442,-0.01511059,-0.035754599,0.000897115
2/20/2023,-0.023359959,0.000780082,-0.022010836,-0.03896026,-0.01212006,-0.038509731,-0.022475102,-0.030952431,-0.019633725,-0.015107372,-0.013818187,0.003890723,-0.027622139,0.03351828,0.012212452,-0.021014868,0.002358709,-0.014221286,0.023037838,-0.026523228,0.010023709,-0.006157573,0.059839304,0.000112511,0.00296157,-0.020597566,0.014473395,0.009090025,-0.032371944,-0.01436589,-0.009057418,-0.036366412,-0.003167556,-0.014790441,-0.018175592,-0.016958458,-0.039716412,-0.000856902,-0.019175864,-0.004830491,-0.035659095,-0.02473586,-0.055277938,0.013153299,-0.028452924,0.035381901,-0.009360957,-0.003114516,-0.011190254,0.005960091,0.000901923
2/27/2023,0.032074188,-0.046575031,-0.020734478,0.014602684,-0.038127415,0.001302537,-0.082171495,-0.038733929,-0.040054306,-0.012703609,0.005769497,-0.012610665,-0.028103574,0.06812894,0.003478283,-0.017132216,-0.008074209,-0.021484447,0.009160255,-0.007937023,-0.076061705,-0.004353528,-0.016574485,-0.003178115,-0.016554366,-0.051787068,0.041024399,-0.039854531,0.005513598,0.004818594,0.028063498,-0.045209715,-0.0143001,0.005233094,-0.001149929,-0.002071692,-0.028557478,-0.024011956,-0.047212338,-0.026307954,-0.018220768,-0.000425001,-0.094185418,-0.003676574,-0.026774016,-0.009746404,0.004336723,-0.048424989,-0.02370105,-0.020377178,0.000908269
3/6/2023,0.034929526,0.012059206,-0.026332003,0.044093784,0.038885584,0.084444454,-0.051408034,0.008871024,0.021708635,0.016141158,0.026838625,-0.03875143,-0.019242682,0.005409065,0.086655252,0.002800225,-0.019390095,-0.011572591,0.141452367,0.018447581,0.003145616,0.01412694,-0.022057082,-0.018169503,0.034170448,0.016282026,0.127910274,-0.012414568,-0.00241644,0.09464159,0.033487076,0.041238494,0.026503869,0.090004,-0.023598231,0.02741551,0.023061515,0.046276627,0.028066744,0.00129597,0.003821066,0.00297672,0.064827705,0.021275499,0.015293209,0.027558868,-0.011635939,0.000820715,0.008092229,-0.074223382,0.000932308
3/13/2023,0.019762533,-0.020094828,0.074094898,0.044467692,-0.006266688,-0.0132947,-0.069036929,-0.00178834,-0.007450095,0.001026191,-0.007781192,0.001490744,0.016332586,-0.004131977,0.05263145,-0.009835061,-0.011737418,-0.010665433,-0.038104681,-0.01882748,-0.029904428,0.001320385,0.012767166,0.018304545,-0.003510954,-0.021445747,-0.00317186,-0.030803275,-0.022222347,0.005286267,-0.031746189,0.033251621,0.00265242,0.064602095,0.034897348,-0.004872172,-0.004706502,0.006298513,0.030205073,-0.020013964,0.003806461,0.005582708,0.043936328,0.01778352,-0.000924311,-0.013995331,0.023637653,0.021596577,0.021307934,0.02355742,0.000871154
3/20/2023,0.021581654,0.021022311,0.040491519,0.034959333,0.036036028,0.033329966,0.049314046,0.018214234,0.032805018,0.007626689,0.034184493,0.050931898,0.023687644,0.026858924,-0.044602249,0.00510713,0.011769662,0.047418251,0.105408161,0.015218594,0.015058481,0.032209658,0.02991228,0.013799248,0.030301766,0.029512796,0.017427084,0.017623679,0.016214025,0.023013519,0.03766446,0.056372313,-0.007191846,0.007061068,0.031100553,0.029490409,0.004977864,0.025453725,0.026177943,0.029465603,0.033585976,0.015952275,0.015919246,0.021965891,0.00031914,0.031302219,-0.001033183,0.03451994,0.035691557,0.058795035,0.000865961
3/27/2023,0.014166307,0.059043032,-0.003396269,-0.003404001,0.048943959,0.000588211,-0.016254376,0.037243375,0.014535427,-0.011190663,-0.003110875,0.032390988,0.019062375,-0.00478463,0.07463578,0.011389021,0.007085616,0.009905627,0.022436957,0.076386626,-0.009941888,0.016006454,0.014336969,0.006151551,0.018359169,0.01414512,0.039742207,-0.011869973,0.060517329,0.026579716,0.031074445,0.002659321,0.000999055,-0.012635501,0.059772229,0.01952109,0.027736271,0.032350101,-0.034537043,0.033162263,0.029874096,0.034861993,-0.052335115,-0.033217647,0.090945981,-0.013135036,0.016324721,0.021210426,0.035216567,0.050780985,0.000897115
4/3/2023,0.005465665,-0.012579785,0.012672921,-0.004729423,-0.00742127,0.003331413,0.025861948,0.007518469,0.017313311,0.024507179,-0.001724632,0.026483754,0.00870247,0.007478506,-0.009131055,0.012265811,0.028562291,-0.019923523,-0.020725315,0.005812782,0.019866195,0.004933239,0.0150879,0.024234095,0.021845927,0.016064674,0.019666714,0.045195015,0.028932801,-0.006035584,-0.001519605,0.020216356,0.051655316,-0.021230156,-0.003857362,0.000108404,-0.000722897,-0.002956068,-0.015203196,0.022067314,0.030182143,0.005079813,0.004539049,0.005558066,0.026169497,0.012832702,0.029647331,0.012429894,-0.008687064,0.006258066,0.000905769
4/10/2023,0.006583713,0.070374393,-0.030279853,0.003854335,-0.031737202,0.013769492,0.046918913,-0.016409401,-0.008409879,0.015445081,-0.08307073,-0.013016474,-0.027469178,0.057900434,-0.019920036,0.021975074,0.004338939,-0.01204053,-0.039526996,-0.015230673,0.091634793,0.012826521,0.014890968,0.014473313,0.006676638,0.023287135,-0.033038216,-0.013377329,-0.012199352,-0.012869215,-0.001268195,-0.060198146,-0.015660778,0.024222483,-0.003379181,0.005152427,-0.039064476,-0.00606201,-0.020556378,0.000560762,-0.115731417,-0.029460583,-0.123238242,-0.013902157,-0.073674951,0.020837621,0.008208353,-0.05417104,0.00990021,-0.001122991,0.000933654
4/17/2023,0.010561185,-0.007702757,-0.000362798,-0.023247242,-0.01281535,0.057894252,-0.033779298,-0.027614287,0.067320284,-0.008524806,-0.000429327,-0.017073852,0.018966017,-0.017040721,0.021844386,-0.015540722,0.009453706,0.00482734,-0.03240444,-0.003545803,-0.02670251,-0.004377734,-0.004654842,-0.003546768,0.012783561,0.094502264,0.119631924,0.005728955,0.008671355,0.065429508,-0.036825505,0.001536806,0.010044109,0.00450121,0.002214423,0.023525646,-0.027854226,0.043749747,-0.039784271,0.05324604,-0.002266088,0.027408461,-0.017178986,-0.064262234,0.006174798,-0.08831675,-0.023827705,0.043022455,0.002715944,0.01029062,0.000950962
4/24/2023,-0.015557571,0.012419963,-0.032492324,-0.095821511,-0.035158595,-0.052995809,-0.065766711,-0.011684481,-0.001241562,-0.021804648,-0.018470671,-0.06427064,-0.024817492,0.012849214,-0.026954171,-0.027829852,-0.012033675,-0.03465385,0.046215617,-0.005337327,-0.021378986,0.000628307,-0.013237228,0.00655654,0.001492915,-0.023090347,-0.02112678,-0.033133891,0.019190585,0.001902601,-0.004482362,-0.015559329,-0.016149604,0.012341265,-0.000736538,0.01945287,-0.013164906,-0.006135463,-0.064431173,-0.071219511,-0.039750165,-0.057889777,0.006304978,-0.017970644,-0.006503948,-0.025146306,-0.014890182,-0.037123147,-0.006011438,-0.092356393,0.000961538
5/1/2023,0.04801291,-0.007306361,0.021650995,0.017121759,0.001725007,0.078653849,0.014820302,0.033822073,0.003729315,0.025689904,0.014660618,0,-0.052744923,0.001912952,0.113477949,0.006789158,-0.011415817,-0.01362475,-0.072401268,-0.007031337,0.014389919,0.002197014,0.017295117,0.01932896,-0.001253449,-0.002800462,0.009720779,-0.010408439,0.001533574,0.015389218,0.007813325,0.074755319,-0.011724635,0.036862279,0.026008326,0.010135389,-0.017002196,-0.007202299,-0.023644252,0.0086899,0.0029566,0.010193981,0.067493828,-0.006962313,0.0030373,-0.017658068,0.023980495,0.006693335,0.021477262,-0.002357589,0.000972115
5/8/2023,0.007481946,-0.01435724,0.055863741,0.05518475,-0.034697959,0.053218053,0.039430452,-0.048928867,0.02328479,-0.007551421,0.039465191,-0.014146868,0.015708024,0.045221611,0.053701615,0.025965588,0.02737488,0.057651985,0.028413077,-0.0155911,0.02535843,-0.016598844,0.003133086,0.022509595,-0.002510484,0,0.0469062,-0.011311873,-0.030199939,0.027119304,-0.013140452,0.076952077,-0.027409718,0.108474939,0.050287246,-0.019350871,-0.018766886,-0.012047221,0.027868649,0.018869869,-0.024174491,-0.031674804,0.027952101,0.061719621,-0.019498438,0.004758167,0.013183086,-0.03909544,-0.010775781,-0.000189091,0.000964423
5/15/2023,-0.010401247,-0.058357073,0.014887979,0.087756306,-0.021041881,-0.026661037,-0.010537496,-0.017351565,-0.053739882,-0.023188223,0.017219736,0.013398673,-0.059940358,-0.023939989,0.005291853,-0.028493308,-0.030164021,0.004835368,-0.07681946,-0.025681389,-0.027455308,-0.038057368,-0.03150553,-0.056068404,-0.029008751,-0.061559087,0.023658074,-0.011187968,-0.014912261,0.025469509,-0.022769753,-0.033100833,-0.09581886,0.198939329,0.019054123,-0.040509597,0.037006525,-0.046810526,-0.027487095,-0.08077308,-0.084592147,-0.01751342,0.0428515,-0.001118936,-0.003192587,0.010729494,-0.043749982,-0.036257996,-0.035056611,0.007628307,0.000985577
5/22/2023,0.041042736,0.006657539,0.046065233,0.088481362,-0.014669272,0.067565188,-0.013844365,0.001858865,-0.001279146,0.053540298,0.014481159,-0.01552786,0.005105493,0.031028079,0.001943585,0.005719479,0.008269709,0.024140212,0.136131329,0.008393055,0.014078454,-0.006786756,-0.003084782,0.00226987,0.008230698,-0.009456732,0.078831859,-0.02854192,-0.01219942,0.020434395,-0.005858911,0.122924805,-0.035820636,0.047129949,0.016300597,-0.008759457,0.00502248,-0.009835467,0.113535846,-0.009345781,0.043564555,0.023202659,0.124952583,0.036493397,0.03334732,-0.019856193,0.013967213,0.025847232,0.008552266,-0.021767888,0.000992885
5/29/2023,0.002665419,-0.019840604,0.006978816,0.028775627,0.030288728,0.01205509,0.060592006,0.009740273,0.036629131,0.014611675,-0.00120632,0.046529882,0.044474663,0.013375424,-0.012770699,0.051553897,0.022129361,0.035356574,0.022165157,0.037013245,0.022895652,0.006166426,0.022590023,-0.008870759,-0.007260256,0.004229741,-0.029456011,0.06873149,-0.005499018,-0.022009697,0.033178146,0.015478853,0.024799846,-0.031681934,0.014058186,0.006488322,0.028143072,0.01722688,0.011465131,0.016714473,0.016445217,-0.061838443,0.131746317,-0.020362845,-0.006887704,0.021747969,-0.015231818,-0.008118607,0.032290852,0.046729901,0.001000577
6/5/2023,0.0301269,0.042071984,0.05349304,0.118169613,0.034788972,0.023018114,0.00478969,-0.009799529,0.024709329,0.017477912,0.045289796,-0.006028432,0.004430967,-0.006222048,0.024152497,0.003088683,0.028160522,0.029685394,0.125707235,0.021652214,0.016769558,0.014245603,0.039286742,0.031148836,0.029334521,0.061973559,0.065197579,0.030269752,-0.00833943,0.070220728,-0.007209388,0.087695714,0.061958764,0.10769702,0.17742828,0.019824149,0.01688387,0.013725669,0.062397868,0.022491083,-0.002489231,0.018723046,0.089585256,0.034024298,-0.04965018,0.04385359,0.013987878,0.028506819,0.036538128,-0.021258925,0.000980769
6/12/2023,0.005322334,0.030755956,-0.05102363,-0.027153688,0.005340626,0.02391624,-0.048008305,0.009741913,-0.021461023,-0.009410652,-0.015598027,-0.035633276,-0.047880327,-0.005597245,-0.015508657,-0.002781295,-0.015118034,-0.05224003,-0.086822965,0.011543304,-0.024530025,0.017818711,-0.01009448,-0.003271277,0.002358347,-0.009518526,0.010822229,-0.032559403,0.046433433,-0.024102293,0.010354829,-0.051182381,-0.017347296,0.008721445,-0.047175195,0.008831118,-0.025660176,0.010104555,-0.058328501,-0.00522783,-0.028072377,0.011901191,0.034036701,-0.030658662,0.032467985,-0.04256972,0.009815643,-0.016190913,-0.012553078,-0.024459326,0.000972115
6/19/2023,0.013850222,-0.005450225,0.003514869,0.012961185,-0.037011173,-0.017287687,0.025035732,-0.019908075,0.0219317,0.01428827,0.001760593,0.023585099,0.005198286,0.027857181,-0.032886758,0.022046591,0.029005898,0.022032471,0.006114159,-0.009177491,0.027582871,-0.029587591,0.017577223,0.026124909,0.003988869,0.00049455,-0.011759527,-0.011849028,-0.001582933,-0.013717577,-0.030879659,0.013633732,0.026344395,-0.051202745,-0.023221014,-0.018521466,-0.067389632,-0.003801127,0.014261082,-0.021517044,0.025673922,0.018609265,-0.026869679,0.024097628,-0.005448301,0.027249241,0.025964416,0.031799094,-0.009438111,0.032913767,0.0009875
6/26/2023,0.011709231,-0.004272828,-0.001167485,-0.005126363,0.008229213,0.003596553,-0.013258765,-0.008750115,-0.006269383,0.010682949,-0.001952635,-0.021505398,-0.002360896,-0.003434121,0.008480209,-0.018842134,-0.01191459,-0.014172599,-0.028562744,-0.015234644,-0.001533695,0.008996902,-0.038661375,0.014109855,0.001528337,-0.008067125,0.037154208,-0.029524357,-0.015765485,0.018564316,0.002883898,0.02475249,-0.07294709,0.03138023,-0.019782728,0.014792157,-0.013565728,0.01747214,-0.024055414,-0.025131865,-0.006883579,0.016954354,0.073941781,-0.011143067,-0.014860243,0.018347107,0.019460537,0.003784683,0.018343168,-0.035426329,0.000995192
7/3/2023,-0.006620934,0.005037358,0.023508731,0.074778242,0.020988643,0.046276117,0.049151206,-0.00956343,0.04001791,0.002009909,0.015863041,0.030285055,0.019495121,0.036416012,0.036882948,0.041652889,0.02303798,0.013317154,0.059430691,-0.017264985,0.046661406,-0.003467669,0.034592597,0.020347127,0.001017119,0.023004413,0.073358666,0.068009391,-0.04859063,0.004073066,0.009449664,0.02629662,0.026070525,0.092012341,0.017323445,0.004983844,0.012068287,-0.020001399,0.068564359,0.056133129,-0.047258909,0.010994488,0.004917861,0.047477348,-0.046041411,0.033913398,0.01854481,-0.067061552,-0.018967549,0.015740426,0.0010025
7/10/2023,0.013592903,0.042939851,-0.005094818,-0.000773323,0.024466122,-0.032315683,0.068082378,0.023924228,0.015272403,0.034376282,0.016301002,-0.007047267,-0.047087351,0.000379789,-0.042877843,0.014272069,-0.003593469,0.033303554,-0.014762242,0.060260828,0.048901421,0.033802929,0.011825726,-0.006241313,0.006469917,0.014764302,-0.034746705,0.013902527,0.020128093,0.012286135,0.005291019,-0.028775681,-0.002874723,-0.009939721,-0.009904777,0.009438588,0.019689608,0.010809009,-0.019493091,-0.007086591,-0.013136041,-0.004193645,-0.053976252,-0.017474763,0.126164082,0.00852388,-0.015165748,-0.011483634,0.021734805,-0.010809344,0.001004423
7/17/2023,0.000466047,0.007332469,0.020321922,-0.00563,0.012091161,-0.013157946,0.008204462,-0.047671257,0.049525791,0.00874381,0.012029909,0.020844173,-0.009859703,0.037576435,0.085570559,0.033282148,-0.055539614,0.033169462,0.035361005,0.03153579,-0.000832348,0.00080124,0.007940293,-0.008943169,-0.006529303,-0.009401187,0.030378066,0.066161483,-0.029411858,-0.046559139,-0.011201136,-0.055438707,0.00130215,0.008347992,0.004487549,-0.004067582,-0.01550174,0.016660437,0.042494937,-0.000991202,-0.010231895,-0.001570167,-0.027348754,-0.01222758,0.00196334,-0.002246648,-0.021617684,-0.00267535,0.010668058,0.019437272,0.001008269
7/24/2023,-0.010609785,-0.045361744,-0.005300929,0.019047881,-0.022664801,0.005146227,-0.016901428,0.008233139,-0.003969246,-0.0073686,0.002830155,6.26E-05,0.001522965,-0.026511829,-0.007341726,0.000424603,-0.030039073,0.010351847,0.009262008,-0.017560127,0.002115102,-0.0128122,-0.010087648,-0.003777063,-0.014126521,-0.045418628,0.004748052,-0.035974304,0.004369832,-0.012276146,-0.043264555,0.043154116,0.009008964,-0.0301744,-0.015893691,-0.007479062,-0.022377241,0.032147969,-0.056813745,0.015380002,-0.028945488,-0.032242023,0.014117557,-0.033311149,-0.000732247,-0.026913898,0.018426919,-0.01460492,0.000628207,0.016125895,0.001013077
7/31/2023,-0.069048321,-0.026036993,-0.021189944,-0.015140508,0.135934112,0.074858379,-0.01496343,0.000979887,0.01682523,0.00681375,0.004139148,0.007265106,0.073341936,0.01076885,0.009653683,-0.001364215,-0.009290997,-0.008307399,-0.005448763,0.008966399,-0.017844674,-0.011680687,0.004123369,0.010508545,-0.011751734,-0.016214968,-0.023787586,-0.03069322,-0.001513305,-0.011418821,-0.025820413,-0.002366564,0.003589797,-0.047781569,-0.01361848,-0.018009691,0.020571395,-0.005669035,-0.026031934,-0.006547379,0.005677703,0.017433698,-0.053910268,-0.01782673,-0.002733429,-0.006170785,0.00586368,-0.001210024,0.006279155,0.028005882,0.001011154
8/7/2023,-0.022307167,0.001814057,-0.015366703,-0.008064679,0.006830586,-0.033054286,-0.053652216,0.014031687,0.006749419,-0.025610467,0.025482619,-0.006715302,-0.063644378,-0.02298129,0.001773338,-0.006436043,-0.009230705,-0.00678049,-0.057173806,0.010687087,-0.032104491,-0.005088728,-0.015589008,-0.011381273,-0.019958342,-0.018767902,-0.067541118,-0.020211824,0.031732457,-0.018734562,-0.011421848,-0.062747128,-0.036503612,0.022553425,0.016727108,-0.028843625,0.022116286,-0.025622889,-0.047833171,-0.0450035,-0.011291526,-0.009874435,-0.10646448,-0.010742604,-0.018908488,-0.053442763,-0.009758643,0.00121149,-0.025062496,-0.015619298,0.001013077
8/14/2023,0.015047171,-0.011245541,0.027810544,0.001485292,-0.019521796,-0.015972529,-0.022540965,-0.013998409,-0.021626152,-0.028147844,0.009318494,-0.001828672,-0.040153586,0.000720904,-0.001077564,-0.014330296,-0.00440904,0.020546107,0.00030678,-0.0512614,-0.009419562,-0.008249399,0.004198156,0.01286223,0.001738415,-0.006130549,0.005822874,-0.032416402,0.004866034,0.011889195,-0.004295549,0.009751843,-0.070633236,0.088109195,-0.017148181,-0.007116918,-0.009586502,0.002826775,-0.014262376,-0.018017951,0.009992737,-0.022365439,0.049356774,-0.001025426,-0.011863211,-0.013040772,0.008846926,0.009679387,0.007707405,-0.010868951,0.001015
8/21/2023,0.065143137,-0.008192699,0.0306549,0.091544279,-0.001091115,0.046799138,0.001747013,0.006037901,0.033598481,0.03499636,0.038196777,0.020007675,0.014672045,0.030799675,0.049237351,0.023900385,0.015013931,0.022849015,0.078244991,-0.02065546,-0.006112843,-0.004658103,0.024077807,0.037644308,-0.004249828,0.005427994,0.031874508,0.099139818,-0.004294241,0.024346125,-0.006248236,0.065736123,0.041790564,0.046477203,0.066247419,0.004176595,-0.021570762,0.011800253,0.055478682,0.027522959,0.045229874,0.021977053,0.121891819,0.014916285,-0.023601897,0.014371241,0.025932227,0.047932841,0.03645884,0.045510081,0.001019808
8/28/2023,-0.054878368,-0.021671655,0.01368257,0.002002351,-0.007607054,-0.001159252,-0.010658659,-0.027250669,-0.041060756,-0.0012017,-0.009764473,0.034388568,-0.037165411,-0.023326825,-0.006682907,0.000657642,-0.020325586,0.0046991,0.086511038,-0.003018771,-0.017836485,-0.025070971,-0.001085097,0.004798361,-0.004707985,-0.019263855,0.009395496,-0.006749822,-0.009542953,0.006559368,-0.00136258,0.02181337,-0.037164539,-0.063093955,0.03903971,-0.001568438,-0.031090915,-0.004859447,-0.0644075,-0.024014852,-0.012170483,0.007559604,-0.025534646,-0.019933243,0.017268961,-0.042266785,0.005942682,-0.033447671,0.005288725,0.024822441,0.001018846
9/4/2023,-0.010250043,0.019668268,-0.035374633,-0.01480935,0.031093994,0.049836741,0.038037757,-0.00800401,0.025200736,0.029437487,-0.007395694,0.003540564,0.048529325,0.034529005,0.020996447,0.003684339,0.051270963,-0.001152157,0.012833888,0.023183055,0.038477813,0.00222852,0.011557518,-0.003087122,0.023102184,0.025397286,0.043693456,-0.034261464,0.002779267,0.026643865,0.045735926,-0.096245031,-0.004227574,-0.014191826,-0.091374135,0.027381146,-0.003792142,0.007682923,0.071804509,0.021661497,0.03080096,0.042540927,0.097618206,0.008135384,-0.002495737,-0.009307133,-0.022821052,0.006802642,0.010888765,0.040105321,0.001015962
9/11/2023,-0.010299237,-0.036239551,-0.014498434,-0.069327677,0.027106313,-0.106343278,-0.039383777,-0.006891965,-0.005873258,-0.017157398,-0.053752028,-0.012198826,-0.020714975,-0.02300059,-0.055466936,-0.069380728,-0.011004231,0.000203602,-0.1039564,-0.012703143,-0.01413752,-0.007928241,-0.044535622,-0.024144665,-0.047548871,-0.01830159,-0.051295935,-0.047204926,-0.007228187,-0.056598783,-0.034208845,-0.040800012,-0.057619151,-0.100129646,-0.03721635,-0.032279444,-0.038067515,-0.016992903,-0.053314565,-0.041786833,0.016600123,-0.02186999,-0.073685013,-0.034025663,0.040303799,-0.03297475,-0.020248551,-0.022032885,-0.020151161,-0.031724725,0.001018269
9/18/2023,-0.018628331,-0.008187687,-0.035993489,-0.017922455,0.0052339,-0.025902717,-0.017468706,-0.015910536,-0.018380958,0.024410768,0.010123781,0.032689734,-0.031427703,-0.005752541,0.014335992,-0.010659963,-0.022567087,-0.039353894,0.015295609,-0.029568116,0.003058455,-0.030066098,0.002819163,-0.009718486,-0.020758052,-0.013645701,0.027829404,-0.043388972,-0.022767695,-0.018433406,-0.146913901,-0.02027856,-0.021399733,0.050515702,-0.029973418,-0.033527146,-0.023135382,-0.038122879,0.029084651,-0.021697019,-0.019594913,-0.00207155,-0.036448933,-0.008167327,0.017879193,0.000450481,-0.020920399,-0.022228987,0.003829004,0.041042203,0.001020192
9/25/2023,0.024723363,-0.019567872,0.029557618,0.023322149,-0.021195161,-0.000158789,-0.05442671,-0.029583908,-0.041016294,0.001565239,-0.015033438,-0.039216878,0.008486358,-0.031527358,0.020860177,-0.03884785,-0.037892126,-0.000424031,0.020181864,0.001657263,-0.031777327,-0.061458398,-0.009719164,-0.013118378,-0.050303101,-0.032278387,0.002730642,-0.058224384,-0.006711543,0.018237442,-0.133672091,-0.010016976,0.068727032,0.03710939,0.020725261,-0.055457248,0.04300399,-0.017356967,-0.011701044,0.014163451,-0.011992101,-0.01624928,0.055483329,-0.025017332,0.012017122,-0.013633501,0.007856305,-0.022426966,-0.021287152,-0.087720828,0.001020769
10/2/2023,0.033159979,-0.062473846,-0.017115772,0.083630242,0.075298266,0.050571632,0.032233341,0.007284981,0.027150754,-0.010078769,0.022025967,-0.016290431,0.043806306,0.024006839,0.028873958,0.004524916,0.021775297,-0.001978494,0.026469972,-0.005154672,0.027892954,0.008209111,0.02122426,0.015930197,-0.023946376,-0.063821631,0.063551923,0.013548844,-9.67E-05,0.036949005,0.071789712,-0.030569753,0.03612071,0.050505599,0.007014393,-0.012617036,-0.016432606,-0.003337794,0.015118265,-0.010284728,-0.025623821,0.026995758,-0.004537561,-0.00070905,0.01803456,0.013039606,0.014133968,-0.028598426,-0.00081727,-0.023121316,0.001024038
10/9/2023,-0.029052187,0.06406821,-0.000537285,-0.006951047,-0.015576792,-0.029698541,0.002230454,0.003910533,-0.018906512,0.003281564,-0.009842099,0.048812505,-0.013040715,-0.03934253,-0.008778845,-0.021329369,-0.009079092,-0.02286874,-0.031759046,-0.025650978,-0.003566292,0.029161166,-0.020041705,-0.030082452,0.049514618,0.014868939,-0.035013471,-0.022017362,-0.030504839,0.00048324,-0.01150938,0.112319976,0.038287096,-0.103184379,-0.00342365,0.015688203,-0.052551679,0.034398594,-0.001614714,0.032815538,0.076230357,-0.023380964,-0.149727644,-0.026193436,0.011588177,-0.021367022,-0.012543305,0.043483469,0.011450176,0.0615197,0.001025962
10/16/2023,-0.048843134,-0.015297574,-0.035980692,-0.074603163,-0.038809738,-0.068769429,-0.031157228,-0.062145965,-0.0910147,-0.031876154,-0.036571765,-0.084861208,-0.041681772,0.017297822,-0.11230492,-0.030582175,-0.034070207,0.041663388,-0.088309453,-0.021796152,-0.031179092,0.026310972,0.000486291,-0.060020034,-0.009869108,-0.027367046,-0.078194472,0.01826323,0.050980813,-0.010352471,0.098873784,0.004405554,-0.029403423,-0.042160648,-0.073287719,0.00529397,-0.000961807,0.016832836,-0.05086291,-0.018534265,-0.009174454,0.036418975,-0.065194703,-0.045912463,-0.006150908,-0.091082376,-0.010820707,0.091513721,0.006220218,-0.047956119,0.001021154
10/23/2023,0.042423421,0.010959837,0.029448089,0.058761704,-0.03288728,0.145772354,0.010719791,-0.03190495,0.068199184,0.016800829,0.015962543,-0.069596079,0.016169528,-0.014246483,0.034101977,0.031043335,0.04504132,0.011407937,0.146678973,-0.002080498,-0.012929608,0.011832248,0.045312027,0.036287332,0.024000116,0.006821099,0.081498072,0.021545386,-0.025580257,0.055445224,0.014938315,0.041259834,0.008598441,0.049571169,0.05328694,0.021436132,-0.020860064,-0.001268288,0.049896025,-0.014244125,0.030423247,0.015329784,-0.000485959,-0.005832908,0.006131941,0.011504068,0.0315635,0.026979891,0.019163135,-0.018215564,0.001019231
